,GISJoinMatchCode,DataFileYear,EstimatesMedianyearstructurebuilt
1,G0800010007801,2014-2018,1972
2,G0800010007802,2014-2018,1971
3,G0800010007900,2014-2018,1965
4,G0800010008000,2014-2018,1957
5,G0800010008100,2014-2018,2007
6,G0800010008200,2014-2018,1964
7,G0800010008308,2014-2018,1980
8,G0800010008309,2014-2018,1980
9,G0800010008353,2014-2018,1990
10,G0800010008401,2014-2018,1989
11,G0800010008402,2014-2018,2000
12,G0800010008505,2014-2018,1966
13,G0800010008506,2014-2018,1979
14,G0800010008507,2014-2018,1966
15,G0800010008508,2014-2018,1980
16,G0800010008523,2014-2018,2003
17,G0800010008524,2014-2018,1996
18,G0800010008526,2014-2018,1995
19,G0800010008529,2014-2018,1999
20,G0800010008533,2014-2018,1999
21,G0800010008534,2014-2018,1977
22,G0800010008535,2014-2018,2003
23,G0800010008536,2014-2018,NA
24,G0800010008537,2014-2018,2004
25,G0800010008538,2014-2018,2007
26,G0800010008539,2014-2018,2006
27,G0800010008540,2014-2018,2005
28,G0800010008541,2014-2018,2006
29,G0800010008542,2014-2018,2006
30,G0800010008543,2014-2018,1995
31,G0800010008544,2014-2018,2006
32,G0800010008545,2014-2018,1991
33,G0800010008546,2014-2018,1989
34,G0800010008547,2014-2018,1991
35,G0800010008548,2014-2018,2005
36,G0800010008549,2014-2018,1996
37,G0800010008550,2014-2018,1988
38,G0800010008551,2014-2018,2009
39,G0800010008603,2014-2018,1950
40,G0800010008604,2014-2018,1990
41,G0800010008605,2014-2018,1977
42,G0800010008606,2014-2018,1977
43,G0800010008705,2014-2018,1958
44,G0800010008706,2014-2018,1958
45,G0800010008709,2014-2018,1964
46,G0800010008801,2014-2018,1958
47,G0800010008802,2014-2018,1970
48,G0800010008901,2014-2018,1956
49,G0800010009001,2014-2018,1965
50,G0800010009002,2014-2018,1978
51,G0800010009101,2014-2018,1957
52,G0800010009103,2014-2018,1996
53,G0800010009104,2014-2018,1995
54,G0800010009202,2014-2018,NA
55,G0800010009203,2014-2018,1984
56,G0800010009204,2014-2018,1999
57,G0800010009206,2014-2018,1998
58,G0800010009207,2014-2018,1986
59,G0800010009304,2014-2018,1973
60,G0800010009306,2014-2018,1966
61,G0800010009307,2014-2018,1969
62,G0800010009308,2014-2018,1961
63,G0800010009309,2014-2018,1978
64,G0800010009310,2014-2018,1959
65,G0800010009316,2014-2018,1993
66,G0800010009318,2014-2018,1983
67,G0800010009319,2014-2018,1982
68,G0800010009320,2014-2018,1984
69,G0800010009321,2014-2018,1989
70,G0800010009322,2014-2018,1988
71,G0800010009323,2014-2018,1977
72,G0800010009325,2014-2018,1989
73,G0800010009326,2014-2018,1994
74,G0800010009327,2014-2018,1969
75,G0800010009401,2014-2018,1963
76,G0800010009406,2014-2018,1977
77,G0800010009407,2014-2018,1974
78,G0800010009408,2014-2018,2002
79,G0800010009409,2014-2018,1997
80,G0800010009410,2014-2018,1982
81,G0800010009411,2014-2018,1988
82,G0800010009501,2014-2018,1959
83,G0800010009502,2014-2018,1958
84,G0800010009553,2014-2018,1960
85,G0800010009603,2014-2018,1970
86,G0800010009604,2014-2018,1962
87,G0800010009606,2014-2018,1974
88,G0800010009607,2014-2018,1977
89,G0800010009608,2014-2018,1981
90,G0800010009751,2014-2018,1974
91,G0800010009752,2014-2018,1972
92,G0800010015000,2014-2018,1978
93,G0800010060000,2014-2018,2005
94,G0800010060100,2014-2018,1995
95,G0800010060200,2014-2018,1991
96,G0800010061200,2014-2018,2008
97,G0800010988700,2014-2018,NA
98,G0800030960000,2014-2018,1980
99,G0800030960100,2014-2018,1982
100,G0800030960200,2014-2018,1974
101,G0800030960300,2014-2018,1981
102,G0800050004951,2014-2018,1981
103,G0800050004952,2014-2018,1984
104,G0800050005551,2014-2018,1960
105,G0800050005552,2014-2018,1972
106,G0800050005553,2014-2018,1967
107,G0800050005611,2014-2018,1964
108,G0800050005612,2014-2018,1970
109,G0800050005614,2014-2018,1965
110,G0800050005619,2014-2018,1967
111,G0800050005620,2014-2018,1990
112,G0800050005621,2014-2018,1977
113,G0800050005622,2014-2018,1993
114,G0800050005623,2014-2018,1979
115,G0800050005624,2014-2018,1974
116,G0800050005625,2014-2018,1968
117,G0800050005626,2014-2018,1974
118,G0800050005627,2014-2018,1973
119,G0800050005628,2014-2018,1975
120,G0800050005629,2014-2018,1989
121,G0800050005630,2014-2018,1983
122,G0800050005631,2014-2018,1981
123,G0800050005632,2014-2018,1984
124,G0800050005633,2014-2018,1988
125,G0800050005634,2014-2018,1987
126,G0800050005635,2014-2018,1978
127,G0800050005636,2014-2018,1995
128,G0800050005700,2014-2018,1991
129,G0800050005800,2014-2018,1954
130,G0800050005951,2014-2018,1967
131,G0800050005952,2014-2018,1980
132,G0800050006000,2014-2018,1958
133,G0800050006100,2014-2018,1956
134,G0800050006200,2014-2018,1956
135,G0800050006300,2014-2018,1951
136,G0800050006400,2014-2018,1961
137,G0800050006501,2014-2018,2000
138,G0800050006502,2014-2018,1956
139,G0800050006601,2014-2018,1973
140,G0800050006603,2014-2018,1964
141,G0800050006604,2014-2018,1960
142,G0800050006704,2014-2018,1974
143,G0800050006705,2014-2018,1971
144,G0800050006706,2014-2018,1981
145,G0800050006707,2014-2018,1974
146,G0800050006708,2014-2018,1984
147,G0800050006709,2014-2018,1982
148,G0800050006711,2014-2018,NA
149,G0800050006712,2014-2018,2000
150,G0800050006713,2014-2018,1996
151,G0800050006808,2014-2018,1979
152,G0800050006815,2014-2018,1980
153,G0800050006854,2014-2018,1994
154,G0800050006855,2014-2018,1994
155,G0800050006856,2014-2018,2006
156,G0800050006857,2014-2018,1986
157,G0800050006858,2014-2018,1997
158,G0800050007101,2014-2018,1985
159,G0800050007103,2014-2018,2000
160,G0800050007104,2014-2018,NA
161,G0800050007105,2014-2018,2006
162,G0800050007106,2014-2018,2006
163,G0800050007107,2014-2018,2010
164,G0800050007201,2014-2018,1968
165,G0800050007202,2014-2018,1961
166,G0800050007301,2014-2018,1972
167,G0800050007302,2014-2018,1968
168,G0800050007400,2014-2018,1957
169,G0800050007500,2014-2018,1957
170,G0800050007600,2014-2018,1972
171,G0800050007702,2014-2018,1974
172,G0800050007703,2014-2018,1972
173,G0800050007704,2014-2018,1978
174,G0800050015100,2014-2018,1960
175,G0800050080000,2014-2018,1974
176,G0800050080100,2014-2018,1979
177,G0800050080200,2014-2018,1977
178,G0800050080300,2014-2018,1980
179,G0800050080400,2014-2018,1976
180,G0800050080500,2014-2018,1982
181,G0800050080600,2014-2018,1983
182,G0800050080700,2014-2018,1976
183,G0800050080800,2014-2018,1977
184,G0800050080900,2014-2018,1967
185,G0800050081000,2014-2018,1987
186,G0800050081100,2014-2018,1985
187,G0800050081200,2014-2018,1979
188,G0800050081300,2014-2018,1978
189,G0800050081400,2014-2018,1980
190,G0800050081500,2014-2018,1978
191,G0800050081600,2014-2018,1977
192,G0800050081700,2014-2018,1987
193,G0800050081800,2014-2018,1978
194,G0800050081900,2014-2018,1976
195,G0800050082000,2014-2018,1990
196,G0800050082100,2014-2018,1982
197,G0800050082200,2014-2018,1983
198,G0800050082300,2014-2018,1982
199,G0800050082400,2014-2018,1978
200,G0800050082500,2014-2018,1976
201,G0800050082600,2014-2018,1988
202,G0800050082700,2014-2018,1991
203,G0800050082800,2014-2018,1981
204,G0800050082900,2014-2018,1987
205,G0800050083000,2014-2018,2005
206,G0800050083100,2014-2018,2003
207,G0800050083200,2014-2018,2001
208,G0800050083300,2014-2018,1991
209,G0800050083400,2014-2018,1985
210,G0800050083500,2014-2018,1986
211,G0800050083600,2014-2018,1985
212,G0800050083700,2014-2018,1989
213,G0800050083800,2014-2018,1981
214,G0800050083900,2014-2018,1989
215,G0800050084000,2014-2018,1979
216,G0800050084100,2014-2018,1982
217,G0800050084200,2014-2018,1983
218,G0800050084300,2014-2018,1985
219,G0800050084400,2014-2018,NA
220,G0800050084500,2014-2018,1989
221,G0800050084600,2014-2018,1979
222,G0800050084700,2014-2018,1980
223,G0800050084800,2014-2018,1991
224,G0800050084900,2014-2018,1991
225,G0800050085000,2014-2018,2002
226,G0800050085100,2014-2018,NA
227,G0800050085200,2014-2018,1998
228,G0800050085300,2014-2018,2004
229,G0800050085400,2014-2018,1992
230,G0800050085500,2014-2018,1986
231,G0800050085600,2014-2018,NA
232,G0800050085700,2014-2018,NA
233,G0800050085800,2014-2018,1988
234,G0800050085900,2014-2018,2007
235,G0800050086000,2014-2018,2004
236,G0800050086100,2014-2018,1992
237,G0800050086200,2014-2018,1994
238,G0800050086300,2014-2018,2003
239,G0800050086400,2014-2018,1987
240,G0800050086500,2014-2018,2004
241,G0800050086600,2014-2018,2005
242,G0800050086700,2014-2018,2006
243,G0800050086800,2014-2018,1989
244,G0800050086900,2014-2018,1996
245,G0800050087000,2014-2018,1990
246,G0800050087100,2014-2018,1979
247,G0800050087200,2014-2018,1990
248,G0800050087300,2014-2018,1984
249,G0800070940400,2014-2018,1991
250,G0800070974200,2014-2018,1996
251,G0800070974300,2014-2018,1995
252,G0800070974400,2014-2018,1992
253,G0800090964600,2014-2018,1962
254,G0800090964700,2014-2018,1968
255,G0800110966700,2014-2018,1955
256,G0800130012101,2014-2018,1957
257,G0800130012102,2014-2018,1971
258,G0800130012103,2014-2018,1983
259,G0800130012104,2014-2018,1983
260,G0800130012105,2014-2018,1992
261,G0800130012201,2014-2018,1974
262,G0800130012202,2014-2018,1976
263,G0800130012203,2014-2018,1986
264,G0800130012204,2014-2018,1966
265,G0800130012300,2014-2018,1975
266,G0800130012401,2014-2018,1950
267,G0800130012501,2014-2018,1977
268,G0800130012505,2014-2018,1967
269,G0800130012507,2014-2018,1960
270,G0800130012508,2014-2018,1973
271,G0800130012509,2014-2018,NA
272,G0800130012510,2014-2018,1974
273,G0800130012511,2014-2018,1973
274,G0800130012603,2014-2018,1975
275,G0800130012605,2014-2018,1980
276,G0800130012607,2014-2018,1975
277,G0800130012608,2014-2018,1972
278,G0800130012701,2014-2018,1986
279,G0800130012705,2014-2018,1986
280,G0800130012707,2014-2018,1979
281,G0800130012708,2014-2018,1984
282,G0800130012709,2014-2018,1974
283,G0800130012710,2014-2018,1977
284,G0800130012800,2014-2018,2000
285,G0800130012903,2014-2018,1997
286,G0800130012904,2014-2018,1991
287,G0800130012905,2014-2018,1978
288,G0800130012907,2014-2018,1987
289,G0800130013003,2014-2018,1987
290,G0800130013004,2014-2018,1988
291,G0800130013005,2014-2018,1975
292,G0800130013006,2014-2018,1986
293,G0800130013201,2014-2018,1976
294,G0800130013202,2014-2018,1978
295,G0800130013205,2014-2018,1981
296,G0800130013207,2014-2018,1988
297,G0800130013208,2014-2018,1981
298,G0800130013210,2014-2018,1976
299,G0800130013211,2014-2018,1995
300,G0800130013212,2014-2018,1995
301,G0800130013213,2014-2018,2003
302,G0800130013302,2014-2018,1949
303,G0800130013305,2014-2018,1987
304,G0800130013306,2014-2018,1977
305,G0800130013307,2014-2018,1970
306,G0800130013308,2014-2018,1967
307,G0800130013401,2014-2018,1941
308,G0800130013402,2014-2018,1989
309,G0800130013503,2014-2018,1971
310,G0800130013505,2014-2018,1977
311,G0800130013506,2014-2018,2001
312,G0800130013507,2014-2018,1977
313,G0800130013508,2014-2018,2003
314,G0800130013601,2014-2018,1981
315,G0800130013602,2014-2018,1958
316,G0800130013701,2014-2018,1979
317,G0800130013702,2014-2018,1977
318,G0800130060600,2014-2018,1995
319,G0800130060700,2014-2018,1993
320,G0800130060800,2014-2018,1984
321,G0800130060900,2014-2018,1990
322,G0800130061300,2014-2018,NA
323,G0800130061400,2014-2018,1999
324,G0800140030000,2014-2018,1958
325,G0800140030100,2014-2018,1966
326,G0800140030200,2014-2018,1983
327,G0800140030300,2014-2018,1984
328,G0800140030400,2014-2018,1978
329,G0800140030500,2014-2018,NA
330,G0800140030600,2014-2018,1980
331,G0800140030700,2014-2018,1996
332,G0800140030800,2014-2018,1993
333,G0800140030900,2014-2018,1993
334,G0800140031000,2014-2018,NA
335,G0800140031100,2014-2018,2009
336,G0800140031200,2014-2018,2002
337,G0800140031300,2014-2018,2008
338,G0800140031400,2014-2018,2010
339,G0800140980100,2014-2018,NA
340,G0800140980200,2014-2018,NA
341,G0800140980300,2014-2018,NA
342,G0800150000100,2014-2018,0
343,G0800150000200,2014-2018,1976
344,G0800150000300,2014-2018,1995
345,G0800150000401,2014-2018,1991
346,G0800150000402,2014-2018,1990
347,G0800170960600,2014-2018,1972
348,G0800190014700,2014-2018,1979
349,G0800190014800,2014-2018,0
350,G0800190014900,2014-2018,1967
351,G0800210974800,2014-2018,1973
352,G0800210974900,2014-2018,1977
353,G0800230972600,2014-2018,1990
354,G0800230972700,2014-2018,1960
355,G0800250969600,2014-2018,1954
356,G0800270970100,2014-2018,1992
357,G0800290964600,2014-2018,1976
358,G0800290964700,2014-2018,1984
359,G0800290964800,2014-2018,1980
360,G0800290964900,2014-2018,1990
361,G0800290965000,2014-2018,1982
362,G0800290965100,2014-2018,1972
363,G0800290965200,2014-2018,1990
364,G0800310000102,2014-2018,1941
365,G0800310000201,2014-2018,1948
366,G0800310000202,2014-2018,1948
367,G0800310000301,2014-2018,0
368,G0800310000302,2014-2018,1952
369,G0800310000303,2014-2018,0
370,G0800310000401,2014-2018,0
371,G0800310000402,2014-2018,1954
372,G0800310000501,2014-2018,1948
373,G0800310000502,2014-2018,1952
374,G0800310000600,2014-2018,2000
375,G0800310000701,2014-2018,1958
376,G0800310000702,2014-2018,1967
377,G0800310000800,2014-2018,1957
378,G0800310000902,2014-2018,1954
379,G0800310000903,2014-2018,1953
380,G0800310000904,2014-2018,1964
381,G0800310000905,2014-2018,1947
382,G0800310001000,2014-2018,1952
383,G0800310001101,2014-2018,1945
384,G0800310001102,2014-2018,1995
385,G0800310001301,2014-2018,NA
386,G0800310001302,2014-2018,1956
387,G0800310001401,2014-2018,1958
388,G0800310001402,2014-2018,1957
389,G0800310001403,2014-2018,1961
390,G0800310001500,2014-2018,1942
391,G0800310001600,2014-2018,2006
392,G0800310001701,2014-2018,2002
393,G0800310001702,2014-2018,1973
394,G0800310001800,2014-2018,1978
395,G0800310001901,2014-2018,1964
396,G0800310001902,2014-2018,0
397,G0800310002000,2014-2018,2002
398,G0800310002100,2014-2018,0
399,G0800310002300,2014-2018,0
400,G0800310002402,2014-2018,0
401,G0800310002403,2014-2018,1986
402,G0800310002601,2014-2018,1974
403,G0800310002602,2014-2018,1995
404,G0800310002701,2014-2018,1947
405,G0800310002702,2014-2018,1963
406,G0800310002703,2014-2018,1953
407,G0800310002801,2014-2018,1953
408,G0800310002802,2014-2018,1961
409,G0800310002803,2014-2018,1966
410,G0800310002901,2014-2018,0
411,G0800310002902,2014-2018,0
412,G0800310003001,2014-2018,0
413,G0800310003002,2014-2018,1952
414,G0800310003003,2014-2018,1957
415,G0800310003004,2014-2018,1955
416,G0800310003101,2014-2018,0
417,G0800310003102,2014-2018,1954
418,G0800310003201,2014-2018,1952
419,G0800310003202,2014-2018,1966
420,G0800310003203,2014-2018,0
421,G0800310003300,2014-2018,0
422,G0800310003401,2014-2018,1971
423,G0800310003402,2014-2018,0
424,G0800310003500,2014-2018,1951
425,G0800310003601,2014-2018,0
426,G0800310003602,2014-2018,1950
427,G0800310003603,2014-2018,1948
428,G0800310003701,2014-2018,1965
429,G0800310003702,2014-2018,0
430,G0800310003703,2014-2018,1947
431,G0800310003800,2014-2018,1992
432,G0800310003901,2014-2018,1965
433,G0800310003902,2014-2018,1952
434,G0800310004002,2014-2018,NA
435,G0800310004003,2014-2018,1957
436,G0800310004004,2014-2018,1964
437,G0800310004005,2014-2018,1964
438,G0800310004006,2014-2018,1971
439,G0800310004101,2014-2018,1970
440,G0800310004102,2014-2018,1956
441,G0800310004103,2014-2018,0
442,G0800310004104,2014-2018,1950
443,G0800310004106,2014-2018,2007
444,G0800310004107,2014-2018,2011
445,G0800310004201,2014-2018,0
446,G0800310004202,2014-2018,0
447,G0800310004301,2014-2018,1961
448,G0800310004302,2014-2018,1946
449,G0800310004303,2014-2018,1953
450,G0800310004304,2014-2018,1949
451,G0800310004306,2014-2018,1966
452,G0800310004403,2014-2018,1951
453,G0800310004404,2014-2018,1966
454,G0800310004405,2014-2018,2003
455,G0800310004503,2014-2018,1955
456,G0800310004504,2014-2018,1956
457,G0800310004505,2014-2018,1953
458,G0800310004506,2014-2018,1955
459,G0800310004601,2014-2018,1955
460,G0800310004602,2014-2018,1958
461,G0800310004603,2014-2018,1955
462,G0800310004700,2014-2018,1960
463,G0800310004801,2014-2018,NA
464,G0800310005001,2014-2018,1959
465,G0800310005002,2014-2018,1975
466,G0800310005102,2014-2018,1957
467,G0800310005104,2014-2018,1965
468,G0800310005200,2014-2018,1960
469,G0800310005300,2014-2018,1964
470,G0800310005502,2014-2018,1978
471,G0800310005503,2014-2018,1971
472,G0800310006701,2014-2018,2004
473,G0800310006804,2014-2018,1991
474,G0800310006809,2014-2018,1976
475,G0800310006810,2014-2018,1973
476,G0800310006811,2014-2018,1976
477,G0800310006812,2014-2018,1974
478,G0800310006813,2014-2018,1977
479,G0800310006814,2014-2018,1974
480,G0800310006901,2014-2018,1973
481,G0800310007006,2014-2018,1979
482,G0800310007013,2014-2018,1984
483,G0800310007037,2014-2018,1978
484,G0800310007088,2014-2018,1985
485,G0800310007089,2014-2018,1967
486,G0800310008304,2014-2018,1969
487,G0800310008305,2014-2018,1974
488,G0800310008306,2014-2018,1975
489,G0800310008312,2014-2018,1989
490,G0800310008386,2014-2018,1978
491,G0800310008387,2014-2018,1990
492,G0800310008388,2014-2018,2004
493,G0800310008389,2014-2018,2007
494,G0800310008390,2014-2018,1999
495,G0800310008391,2014-2018,2001
496,G0800310011902,2014-2018,1973
497,G0800310011903,2014-2018,1972
498,G0800310012001,2014-2018,1976
499,G0800310012010,2014-2018,1993
500,G0800310012014,2014-2018,1986
501,G0800310015300,2014-2018,1973
502,G0800310015400,2014-2018,0
503,G0800310015500,2014-2018,1970
504,G0800310015600,2014-2018,1973
505,G0800310015700,2014-2018,1967
506,G0800310980000,2014-2018,2005
507,G0800310980100,2014-2018,NA
508,G0800330000100,2014-2018,1973
509,G0800350013901,2014-2018,1994
510,G0800350013904,2014-2018,1990
511,G0800350013905,2014-2018,1995
512,G0800350013907,2014-2018,1997
513,G0800350013908,2014-2018,1984
514,G0800350013909,2014-2018,1999
515,G0800350013910,2014-2018,2000
516,G0800350013911,2014-2018,2002
517,G0800350014001,2014-2018,1998
518,G0800350014005,2014-2018,2003
519,G0800350014006,2014-2018,2006
520,G0800350014007,2014-2018,2004
521,G0800350014008,2014-2018,1997
522,G0800350014009,2014-2018,NA
523,G0800350014010,2014-2018,1998
524,G0800350014011,2014-2018,2009
525,G0800350014012,2014-2018,NA
526,G0800350014013,2014-2018,2009
527,G0800350014107,2014-2018,1987
528,G0800350014108,2014-2018,1986
529,G0800350014109,2014-2018,2001
530,G0800350014110,2014-2018,1993
531,G0800350014112,2014-2018,1991
532,G0800350014113,2014-2018,1993
533,G0800350014114,2014-2018,1977
534,G0800350014115,2014-2018,1993
535,G0800350014116,2014-2018,2004
536,G0800350014122,2014-2018,1997
537,G0800350014123,2014-2018,1998
538,G0800350014124,2014-2018,NA
539,G0800350014125,2014-2018,2007
540,G0800350014126,2014-2018,2005
541,G0800350014127,2014-2018,2004
542,G0800350014128,2014-2018,1996
543,G0800350014129,2014-2018,1997
544,G0800350014130,2014-2018,NA
545,G0800350014131,2014-2018,2005
546,G0800350014132,2014-2018,2000
547,G0800350014133,2014-2018,1993
548,G0800350014134,2014-2018,2005
549,G0800350014135,2014-2018,2006
550,G0800350014136,2014-2018,1996
551,G0800350014137,2014-2018,NA
552,G0800350014138,2014-2018,1997
553,G0800350014139,2014-2018,1995
554,G0800350014140,2014-2018,NA
555,G0800350014202,2014-2018,1980
556,G0800350014203,2014-2018,1996
557,G0800350014204,2014-2018,2002
558,G0800350014300,2014-2018,1985
559,G0800350014403,2014-2018,1999
560,G0800350014404,2014-2018,1988
561,G0800350014405,2014-2018,1999
562,G0800350014406,2014-2018,2008
563,G0800350014503,2014-2018,1999
564,G0800350014504,2014-2018,1978
565,G0800350014505,2014-2018,2002
566,G0800350014506,2014-2018,2005
567,G0800350014602,2014-2018,1990
568,G0800350014603,2014-2018,1995
569,G0800350014604,2014-2018,2004
570,G0800370000100,2014-2018,1991
571,G0800370000200,2014-2018,1995
572,G0800370000301,2014-2018,1995
573,G0800370000302,2014-2018,1988
574,G0800370000401,2014-2018,1995
575,G0800370000402,2014-2018,1995
576,G0800370000403,2014-2018,2000
577,G0800370000501,2014-2018,1993
578,G0800370000502,2014-2018,1983
579,G0800370000503,2014-2018,1994
580,G0800370000600,2014-2018,1971
581,G0800370000701,2014-2018,1984
582,G0800370000702,2014-2018,1978
583,G0800370000703,2014-2018,1979
584,G0800390961100,2014-2018,1975
585,G0800390961204,2014-2018,1996
586,G0800390961205,2014-2018,1993
587,G0800390961206,2014-2018,1990
588,G0800390961207,2014-2018,1994
589,G0800390961208,2014-2018,1992
590,G0800390961209,2014-2018,1991
591,G0800410000101,2014-2018,1983
592,G0800410000102,2014-2018,1964
593,G0800410000202,2014-2018,1975
594,G0800410000203,2014-2018,1971
595,G0800410000301,2014-2018,1963
596,G0800410000302,2014-2018,1980
597,G0800410000400,2014-2018,1959
598,G0800410000500,2014-2018,1951
599,G0800410000600,2014-2018,1957
600,G0800410000700,2014-2018,1962
601,G0800410000800,2014-2018,1954
602,G0800410000900,2014-2018,0
603,G0800410001000,2014-2018,0
604,G0800410001101,2014-2018,1958
605,G0800410001104,2014-2018,1975
606,G0800410001301,2014-2018,0
607,G0800410001302,2014-2018,1975
608,G0800410001400,2014-2018,0
609,G0800410001500,2014-2018,0
610,G0800410001600,2014-2018,0
611,G0800410001700,2014-2018,0
612,G0800410001800,2014-2018,0
613,G0800410001900,2014-2018,1966
614,G0800410002000,2014-2018,1969
615,G0800410002101,2014-2018,1964
616,G0800410002102,2014-2018,1967
617,G0800410002200,2014-2018,0
618,G0800410002300,2014-2018,0
619,G0800410002400,2014-2018,1991
620,G0800410002501,2014-2018,1970
621,G0800410002502,2014-2018,1968
622,G0800410002700,2014-2018,1947
623,G0800410002800,2014-2018,1973
624,G0800410002900,2014-2018,1959
625,G0800410003000,2014-2018,1961
626,G0800410003100,2014-2018,1974
627,G0800410003303,2014-2018,1978
628,G0800410003305,2014-2018,1989
629,G0800410003306,2014-2018,1993
630,G0800410003307,2014-2018,1984
631,G0800410003308,2014-2018,1994
632,G0800410003400,2014-2018,1966
633,G0800410003701,2014-2018,1988
634,G0800410003702,2014-2018,1985
635,G0800410003705,2014-2018,1988
636,G0800410003706,2014-2018,1985
637,G0800410003707,2014-2018,1990
638,G0800410003708,2014-2018,1995
639,G0800410003709,2014-2018,1988
640,G0800410003801,2014-2018,1968
641,G0800410003802,2014-2018,NA
642,G0800410003902,2014-2018,2005
643,G0800410003905,2014-2018,1987
644,G0800410003906,2014-2018,1987
645,G0800410003909,2014-2018,1990
646,G0800410004008,2014-2018,2010
647,G0800410004009,2014-2018,1980
648,G0800410004100,2014-2018,1960
649,G0800410004200,2014-2018,1976
650,G0800410004300,2014-2018,1988
651,G0800410004401,2014-2018,2002
652,G0800410004402,2014-2018,1957
653,G0800410004403,2014-2018,2006
654,G0800410004501,2014-2018,1976
655,G0800410004502,2014-2018,2001
656,G0800410004503,2014-2018,2002
657,G0800410004506,2014-2018,1970
658,G0800410004507,2014-2018,1976
659,G0800410004508,2014-2018,1981
660,G0800410004510,2014-2018,2005
661,G0800410004511,2014-2018,1996
662,G0800410004601,2014-2018,1993
663,G0800410004602,2014-2018,1991
664,G0800410004603,2014-2018,2002
665,G0800410004701,2014-2018,1979
666,G0800410004702,2014-2018,1985
667,G0800410004703,2014-2018,1986
668,G0800410004705,2014-2018,1998
669,G0800410004706,2014-2018,2005
670,G0800410004800,2014-2018,1976
671,G0800410004901,2014-2018,1975
672,G0800410004902,2014-2018,1993
673,G0800410005000,2014-2018,1976
674,G0800410005104,2014-2018,2005
675,G0800410005105,2014-2018,1997
676,G0800410005106,2014-2018,2005
677,G0800410005107,2014-2018,2006
678,G0800410005108,2014-2018,1996
679,G0800410005109,2014-2018,2004
680,G0800410005110,2014-2018,1985
681,G0800410005111,2014-2018,2003
682,G0800410005201,2014-2018,1970
683,G0800410005202,2014-2018,1983
684,G0800410005300,2014-2018,1976
685,G0800410005400,2014-2018,1975
686,G0800410005501,2014-2018,1985
687,G0800410005502,2014-2018,NA
688,G0800410005601,2014-2018,1982
689,G0800410005602,2014-2018,1982
690,G0800410005700,2014-2018,1975
691,G0800410005800,2014-2018,1977
692,G0800410005900,2014-2018,1979
693,G0800410006000,2014-2018,1969
694,G0800410006100,2014-2018,1975
695,G0800410006200,2014-2018,1985
696,G0800410006301,2014-2018,1987
697,G0800410006302,2014-2018,1992
698,G0800410006400,2014-2018,1982
699,G0800410006501,2014-2018,1983
700,G0800410006502,2014-2018,1992
701,G0800410006600,2014-2018,1961
702,G0800410006700,2014-2018,1961
703,G0800410006801,2014-2018,1985
704,G0800410006802,2014-2018,1988
705,G0800410006901,2014-2018,NA
706,G0800410006902,2014-2018,1990
707,G0800410007000,2014-2018,1996
708,G0800410007101,2014-2018,2010
709,G0800410007102,2014-2018,2001
710,G0800410007201,2014-2018,2006
711,G0800410007202,2014-2018,1997
712,G0800410007300,2014-2018,2001
713,G0800410007400,2014-2018,1993
714,G0800410007500,2014-2018,2000
715,G0800410007601,2014-2018,2003
716,G0800410007602,2014-2018,1991
717,G0800410007700,2014-2018,1982
718,G0800410007800,2014-2018,1993
719,G0800410007900,2014-2018,1989
720,G0800410008000,2014-2018,1975
721,G0800430978100,2014-2018,1982
722,G0800430978200,2014-2018,1958
723,G0800430978300,2014-2018,1984
724,G0800430978400,2014-2018,1983
725,G0800430978500,2014-2018,1983
726,G0800430978600,2014-2018,1949
727,G0800430978800,2014-2018,1959
728,G0800430979000,2014-2018,1990
729,G0800430979100,2014-2018,1974
730,G0800430979200,2014-2018,2003
731,G0800430979400,2014-2018,1994
732,G0800430980100,2014-2018,NA
733,G0800430980200,2014-2018,NA
734,G0800430980300,2014-2018,NA
735,G0800450951600,2014-2018,1992
736,G0800450951701,2014-2018,1992
737,G0800450951702,2014-2018,1959
738,G0800450951802,2014-2018,1995
739,G0800450951803,2014-2018,1982
740,G0800450951804,2014-2018,1997
741,G0800450951901,2014-2018,1995
742,G0800450951902,2014-2018,1999
743,G0800450952001,2014-2018,1997
744,G0800450952002,2014-2018,1984
745,G0800450952100,2014-2018,1993
746,G0800470013800,2014-2018,1981
747,G0800490000100,2014-2018,1978
748,G0800490000201,2014-2018,1985
749,G0800490000202,2014-2018,1993
750,G0800510963600,2014-2018,1979
751,G0800510963700,2014-2018,1976
752,G0800510963800,2014-2018,1988
753,G0800510963900,2014-2018,1987
754,G0800530973100,2014-2018,1983
755,G0800550960600,2014-2018,1948
756,G0800550960900,2014-2018,1984
757,G0800570955600,2014-2018,1977
758,G0800590009806,2014-2018,1967
759,G0800590009807,2014-2018,1965
760,G0800590009808,2014-2018,1981
761,G0800590009815,2014-2018,1990
762,G0800590009823,2014-2018,1979
763,G0800590009824,2014-2018,1982
764,G0800590009827,2014-2018,1992
765,G0800590009828,2014-2018,1980
766,G0800590009829,2014-2018,1986
767,G0800590009830,2014-2018,1979
768,G0800590009831,2014-2018,1991
769,G0800590009832,2014-2018,1969
770,G0800590009833,2014-2018,1976
771,G0800590009834,2014-2018,1978
772,G0800590009835,2014-2018,1977
773,G0800590009836,2014-2018,1978
774,G0800590009837,2014-2018,2005
775,G0800590009838,2014-2018,1997
776,G0800590009839,2014-2018,1985
777,G0800590009840,2014-2018,1979
778,G0800590009841,2014-2018,1973
779,G0800590009842,2014-2018,2002
780,G0800590009843,2014-2018,1993
781,G0800590009845,2014-2018,1985
782,G0800590009846,2014-2018,1988
783,G0800590009847,2014-2018,1978
784,G0800590009848,2014-2018,1987
785,G0800590009849,2014-2018,1990
786,G0800590009850,2014-2018,1980
787,G0800590009851,2014-2018,1994
788,G0800590009852,2014-2018,1976
789,G0800590009900,2014-2018,1971
790,G0800590010000,2014-2018,1974
791,G0800590010100,2014-2018,1979
792,G0800590010205,2014-2018,1974
793,G0800590010206,2014-2018,1977
794,G0800590010208,2014-2018,1972
795,G0800590010209,2014-2018,1977
796,G0800590010210,2014-2018,1968
797,G0800590010211,2014-2018,1971
798,G0800590010212,2014-2018,1967
799,G0800590010213,2014-2018,1969
800,G0800590010303,2014-2018,1977
801,G0800590010304,2014-2018,1959
802,G0800590010305,2014-2018,1965
803,G0800590010306,2014-2018,1967
804,G0800590010307,2014-2018,1969
805,G0800590010308,2014-2018,1984
806,G0800590010402,2014-2018,1974
807,G0800590010403,2014-2018,1972
808,G0800590010405,2014-2018,1998
809,G0800590010406,2014-2018,1965
810,G0800590010502,2014-2018,1958
811,G0800590010503,2014-2018,1971
812,G0800590010504,2014-2018,1966
813,G0800590010603,2014-2018,1956
814,G0800590010604,2014-2018,1955
815,G0800590010701,2014-2018,1959
816,G0800590010702,2014-2018,1959
817,G0800590010801,2014-2018,1964
818,G0800590010901,2014-2018,1971
819,G0800590010902,2014-2018,1969
820,G0800590011000,2014-2018,1960
821,G0800590011100,2014-2018,1966
822,G0800590011202,2014-2018,1959
823,G0800590011300,2014-2018,1953
824,G0800590011401,2014-2018,1973
825,G0800590011402,2014-2018,1974
826,G0800590011550,2014-2018,1963
827,G0800590011601,2014-2018,1965
828,G0800590011602,2014-2018,1963
829,G0800590011701,2014-2018,1973
830,G0800590011702,2014-2018,1969
831,G0800590011708,2014-2018,1964
832,G0800590011709,2014-2018,NA
833,G0800590011710,2014-2018,1973
834,G0800590011711,2014-2018,1972
835,G0800590011712,2014-2018,NA
836,G0800590011720,2014-2018,1979
837,G0800590011721,2014-2018,NA
838,G0800590011723,2014-2018,1972
839,G0800590011724,2014-2018,1999
840,G0800590011725,2014-2018,1976
841,G0800590011726,2014-2018,1986
842,G0800590011727,2014-2018,1970
843,G0800590011728,2014-2018,1973
844,G0800590011729,2014-2018,1981
845,G0800590011730,2014-2018,1977
846,G0800590011731,2014-2018,1987
847,G0800590011732,2014-2018,1978
848,G0800590011733,2014-2018,1982
849,G0800590011803,2014-2018,1962
850,G0800590011804,2014-2018,1965
851,G0800590011805,2014-2018,1988
852,G0800590011806,2014-2018,1967
853,G0800590011904,2014-2018,1980
854,G0800590011951,2014-2018,1986
855,G0800590012022,2014-2018,1992
856,G0800590012023,2014-2018,1983
857,G0800590012024,2014-2018,1984
858,G0800590012026,2014-2018,1975
859,G0800590012027,2014-2018,1973
860,G0800590012030,2014-2018,1974
861,G0800590012031,2014-2018,1982
862,G0800590012032,2014-2018,1981
863,G0800590012033,2014-2018,1977
864,G0800590012034,2014-2018,1990
865,G0800590012035,2014-2018,1990
866,G0800590012036,2014-2018,2002
867,G0800590012037,2014-2018,1984
868,G0800590012038,2014-2018,1977
869,G0800590012039,2014-2018,1977
870,G0800590012041,2014-2018,1987
871,G0800590012042,2014-2018,1979
872,G0800590012043,2014-2018,1993
873,G0800590012044,2014-2018,1994
874,G0800590012045,2014-2018,1991
875,G0800590012046,2014-2018,1977
876,G0800590012047,2014-2018,1982
877,G0800590012048,2014-2018,1982
878,G0800590012049,2014-2018,1977
879,G0800590012050,2014-2018,1997
880,G0800590012051,2014-2018,1969
881,G0800590012052,2014-2018,1977
882,G0800590012053,2014-2018,1974
883,G0800590012054,2014-2018,1988
884,G0800590012055,2014-2018,1981
885,G0800590012057,2014-2018,1992
886,G0800590012058,2014-2018,1978
887,G0800590012059,2014-2018,1987
888,G0800590012060,2014-2018,NA
889,G0800590015800,2014-2018,1975
890,G0800590015900,2014-2018,1985
891,G0800590060300,2014-2018,1991
892,G0800590060400,2014-2018,1977
893,G0800590060500,2014-2018,2008
894,G0800590980000,2014-2018,NA
895,G0800590980400,2014-2018,NA
896,G0800610960100,2014-2018,1966
897,G0800630962100,2014-2018,1973
898,G0800630962200,2014-2018,1971
899,G0800630962300,2014-2018,1962
900,G0800650961700,2014-2018,1950
901,G0800650961900,2014-2018,1988
902,G0800670940300,2014-2018,1987
903,G0800670940400,2014-2018,1991
904,G0800670970600,2014-2018,1992
905,G0800670970701,2014-2018,1988
906,G0800670970703,2014-2018,1991
907,G0800670970704,2014-2018,1989
908,G0800670970800,2014-2018,1991
909,G0800670970900,2014-2018,1977
910,G0800670971000,2014-2018,1962
911,G0800670971100,2014-2018,1966
912,G0800690000100,2014-2018,1967
913,G0800690000201,2014-2018,1951
914,G0800690000202,2014-2018,1950
915,G0800690000300,2014-2018,1977
916,G0800690000401,2014-2018,1965
917,G0800690000402,2014-2018,1964
918,G0800690000503,2014-2018,1983
919,G0800690000504,2014-2018,1976
920,G0800690000505,2014-2018,1986
921,G0800690000506,2014-2018,1977
922,G0800690000600,2014-2018,1976
923,G0800690000700,2014-2018,0
924,G0800690000801,2014-2018,1966
925,G0800690000802,2014-2018,1968
926,G0800690000901,2014-2018,1974
927,G0800690000902,2014-2018,1979
928,G0800690001003,2014-2018,1976
929,G0800690001004,2014-2018,1980
930,G0800690001007,2014-2018,1989
931,G0800690001008,2014-2018,1989
932,G0800690001009,2014-2018,1994
933,G0800690001010,2014-2018,1994
934,G0800690001104,2014-2018,1981
935,G0800690001106,2014-2018,1980
936,G0800690001107,2014-2018,1986
937,G0800690001109,2014-2018,1988
938,G0800690001110,2014-2018,1982
939,G0800690001111,2014-2018,1986
940,G0800690001112,2014-2018,1993
941,G0800690001113,2014-2018,1997
942,G0800690001114,2014-2018,1995
943,G0800690001301,2014-2018,1976
944,G0800690001304,2014-2018,1977
945,G0800690001305,2014-2018,1995
946,G0800690001306,2014-2018,1995
947,G0800690001307,2014-2018,1996
948,G0800690001308,2014-2018,1997
949,G0800690001601,2014-2018,1975
950,G0800690001602,2014-2018,1998
951,G0800690001603,2014-2018,1995
952,G0800690001605,2014-2018,2008
953,G0800690001606,2014-2018,2000
954,G0800690001607,2014-2018,2000
955,G0800690001608,2014-2018,2005
956,G0800690001704,2014-2018,1992
957,G0800690001706,2014-2018,1979
958,G0800690001707,2014-2018,1989
959,G0800690001708,2014-2018,2003
960,G0800690001709,2014-2018,2004
961,G0800690001804,2014-2018,1971
962,G0800690001806,2014-2018,2000
963,G0800690001807,2014-2018,1985
964,G0800690001808,2014-2018,1995
965,G0800690001809,2014-2018,2002
966,G0800690001901,2014-2018,1970
967,G0800690001902,2014-2018,1976
968,G0800690001903,2014-2018,1982
969,G0800690002005,2014-2018,1988
970,G0800690002007,2014-2018,1953
971,G0800690002008,2014-2018,1977
972,G0800690002010,2014-2018,1992
973,G0800690002011,2014-2018,1992
974,G0800690002300,2014-2018,1984
975,G0800690002401,2014-2018,1983
976,G0800690002402,2014-2018,1989
977,G0800690002501,2014-2018,2003
978,G0800690002502,2014-2018,1999
979,G0800690002503,2014-2018,1986
980,G0800690002600,2014-2018,1989
981,G0800690002700,2014-2018,1993
982,G0800690002801,2014-2018,1982
983,G0800690002802,2014-2018,1984
984,G0800690002803,2014-2018,1970
985,G0800710000100,2014-2018,1966
986,G0800710000200,2014-2018,0
987,G0800710000300,2014-2018,1986
988,G0800710000400,2014-2018,1973
989,G0800710000500,2014-2018,1952
990,G0800710000800,2014-2018,1973
991,G0800730961700,2014-2018,1974
992,G0800730961800,2014-2018,1956
993,G0800750965900,2014-2018,1952
994,G0800750966000,2014-2018,1966
995,G0800750966100,2014-2018,1972
996,G0800750966200,2014-2018,1955
997,G0800750966300,2014-2018,1961
998,G0800750966400,2014-2018,1953
999,G0800770000200,2014-2018,0
1000,G0800770000300,2014-2018,0
1001,G0800770000400,2014-2018,1972
1002,G0800770000500,2014-2018,1971
1003,G0800770000601,2014-2018,1982
1004,G0800770000602,2014-2018,1964
1005,G0800770000700,2014-2018,1960
1006,G0800770000800,2014-2018,1992
1007,G0800770000900,2014-2018,2001
1008,G0800770001001,2014-2018,1991
1009,G0800770001002,2014-2018,1984
1010,G0800770001101,2014-2018,1985
1011,G0800770001102,2014-2018,1985
1012,G0800770001200,2014-2018,1982
1013,G0800770001301,2014-2018,1980
1014,G0800770001302,2014-2018,1991
1015,G0800770001402,2014-2018,1983
1016,G0800770001403,2014-2018,1976
1017,G0800770001404,2014-2018,1992
1018,G0800770001501,2014-2018,1998
1019,G0800770001502,2014-2018,1993
1020,G0800770001600,2014-2018,1992
1021,G0800770001702,2014-2018,1977
1022,G0800770001703,2014-2018,1987
1023,G0800770001705,2014-2018,1986
1024,G0800770001706,2014-2018,1982
1025,G0800770001707,2014-2018,1992
1026,G0800770001800,2014-2018,1984
1027,G0800770001900,2014-2018,1991
1028,G0800790973600,2014-2018,1988
1029,G0800810000300,2014-2018,1981
1030,G0800810000400,2014-2018,1975
1031,G0800810000500,2014-2018,1971
1032,G0800810000600,2014-2018,1977
1033,G0800830941100,2014-2018,1990
1034,G0800830969000,2014-2018,1985
1035,G0800830969100,2014-2018,1985
1036,G0800830969200,2014-2018,1984
1037,G0800830969300,2014-2018,1975
1038,G0800830969400,2014-2018,1976
1039,G0800830969600,2014-2018,1991
1040,G0800850966100,2014-2018,1976
1041,G0800850966201,2014-2018,1988
1042,G0800850966202,2014-2018,1983
1043,G0800850966300,2014-2018,1974
1044,G0800850966400,2014-2018,1986
1045,G0800850966501,2014-2018,1988
1046,G0800850966502,2014-2018,2003
1047,G0800850966503,2014-2018,1992
1048,G0800850966601,2014-2018,1995
1049,G0800850966602,2014-2018,1991
1050,G0800870000100,2014-2018,1978
1051,G0800870000200,2014-2018,1985
1052,G0800870000300,2014-2018,1974
1053,G0800870000400,2014-2018,1962
1054,G0800870000500,2014-2018,0
1055,G0800870000600,2014-2018,1977
1056,G0800870000700,2014-2018,1964
1057,G0800870000800,2014-2018,1976
1058,G0800890968000,2014-2018,1951
1059,G0800890968100,2014-2018,1956
1060,G0800890968200,2014-2018,1963
1061,G0800890968300,2014-2018,1976
1062,G0800890968400,2014-2018,1953
1063,G0800890968500,2014-2018,1967
1064,G0800890968600,2014-2018,1942
1065,G0800910967600,2014-2018,1994
1066,G0800930000100,2014-2018,1991
1067,G0800930000200,2014-2018,1983
1068,G0800930000300,2014-2018,1991
1069,G0800930000400,2014-2018,1997
1070,G0800930000500,2014-2018,1995
1071,G0800950967600,2014-2018,1965
1072,G0800950967700,2014-2018,1951
1073,G0800970000100,2014-2018,1991
1074,G0800970000401,2014-2018,1980
1075,G0800970000402,2014-2018,1984
1076,G0800970000500,2014-2018,1994
1077,G0800990000100,2014-2018,1974
1078,G0800990000200,2014-2018,1952
1079,G0800990000300,2014-2018,1963
1080,G0800990000600,2014-2018,1959
1081,G0800990000700,2014-2018,1979
1082,G0801010000100,2014-2018,1963
1083,G0801010000200,2014-2018,1970
1084,G0801010000300,2014-2018,NA
1085,G0801010000400,2014-2018,1957
1086,G0801010000500,2014-2018,1947
1087,G0801010000600,2014-2018,0
1088,G0801010000800,2014-2018,1954
1089,G0801010000902,2014-2018,1973
1090,G0801010000903,2014-2018,1980
1091,G0801010000904,2014-2018,1964
1092,G0801010000905,2014-2018,1977
1093,G0801010001000,2014-2018,1961
1094,G0801010001100,2014-2018,1948
1095,G0801010001200,2014-2018,1947
1096,G0801010001400,2014-2018,1945
1097,G0801010001500,2014-2018,1941
1098,G0801010001600,2014-2018,1952
1099,G0801010001700,2014-2018,1963
1100,G0801010001800,2014-2018,1945
1101,G0801010001900,2014-2018,0
1102,G0801010002000,2014-2018,0
1103,G0801010002100,2014-2018,0
1104,G0801010002200,2014-2018,0
1105,G0801010002300,2014-2018,1971
1106,G0801010002400,2014-2018,1949
1107,G0801010002500,2014-2018,0
1108,G0801010002600,2014-2018,1964
1109,G0801010002700,2014-2018,1966
1110,G0801010002801,2014-2018,1972
1111,G0801010002802,2014-2018,1976
1112,G0801010002804,2014-2018,1988
1113,G0801010002806,2014-2018,1992
1114,G0801010002807,2014-2018,1990
1115,G0801010002808,2014-2018,1989
1116,G0801010002901,2014-2018,1997
1117,G0801010002903,2014-2018,1997
1118,G0801010002906,2014-2018,1999
1119,G0801010002911,2014-2018,2000
1120,G0801010002912,2014-2018,1997
1121,G0801010002913,2014-2018,1995
1122,G0801010002914,2014-2018,1994
1123,G0801010002915,2014-2018,1998
1124,G0801010002916,2014-2018,1992
1125,G0801010002917,2014-2018,1998
1126,G0801010002918,2014-2018,NA
1127,G0801010003001,2014-2018,1976
1128,G0801010003004,2014-2018,1984
1129,G0801010003103,2014-2018,1962
1130,G0801010003104,2014-2018,1972
1131,G0801010003105,2014-2018,1974
1132,G0801010003106,2014-2018,1976
1133,G0801010003200,2014-2018,1973
1134,G0801010003500,2014-2018,0
1135,G0801010003600,2014-2018,1977
1136,G0801010980100,2014-2018,NA
1137,G0801030951100,2014-2018,1978
1138,G0801030951200,2014-2018,1981
1139,G0801050976700,2014-2018,1969
1140,G0801050976800,2014-2018,1969
1141,G0801050977000,2014-2018,1986
1142,G0801070000100,2014-2018,1994
1143,G0801070000200,2014-2018,1979
1144,G0801070000300,2014-2018,1981
1145,G0801070000400,2014-2018,1991
1146,G0801070000500,2014-2018,1984
1147,G0801070000600,2014-2018,1993
1148,G0801070000700,2014-2018,1992
1149,G0801070000800,2014-2018,1991
1150,G0801090977600,2014-2018,1992
1151,G0801090977700,2014-2018,1970
1152,G0801110972600,2014-2018,1976
1153,G0801130968101,2014-2018,1987
1154,G0801130968102,2014-2018,1997
1155,G0801130968103,2014-2018,1993
1156,G0801130968200,2014-2018,1991
1157,G0801150968300,2014-2018,1947
1158,G0801170000100,2014-2018,1987
1159,G0801170000200,2014-2018,1988
1160,G0801170000300,2014-2018,1986
1161,G0801170000401,2014-2018,1986
1162,G0801170000402,2014-2018,1991
1163,G0801190010103,2014-2018,1988
1164,G0801190010104,2014-2018,1980
1165,G0801190010105,2014-2018,1988
1166,G0801190010106,2014-2018,1992
1167,G0801190010201,2014-2018,1990
1168,G0801190010202,2014-2018,0
1169,G0801210924100,2014-2018,1959
1170,G0801210924200,2014-2018,1960
1171,G0801230000100,2014-2018,1966
1172,G0801230000200,2014-2018,1963
1173,G0801230000300,2014-2018,NA
1174,G0801230000401,2014-2018,1957
1175,G0801230000402,2014-2018,1954
1176,G0801230000501,2014-2018,1978
1177,G0801230000502,2014-2018,1946
1178,G0801230000600,2014-2018,1966
1179,G0801230000701,2014-2018,1941
1180,G0801230000703,2014-2018,1997
1181,G0801230000704,2014-2018,2005
1182,G0801230000705,2014-2018,1965
1183,G0801230000800,2014-2018,1961
1184,G0801230000900,2014-2018,1962
1185,G0801230001003,2014-2018,1977
1186,G0801230001004,2014-2018,1978
1187,G0801230001005,2014-2018,2003
1188,G0801230001006,2014-2018,1984
1189,G0801230001100,2014-2018,1974
1190,G0801230001201,2014-2018,1969
1191,G0801230001202,2014-2018,1974
1192,G0801230001300,2014-2018,1976
1193,G0801230001404,2014-2018,1991
1194,G0801230001405,2014-2018,2005
1195,G0801230001406,2014-2018,2003
1196,G0801230001407,2014-2018,2007
1197,G0801230001408,2014-2018,1980
1198,G0801230001409,2014-2018,1993
1199,G0801230001410,2014-2018,1987
1200,G0801230001411,2014-2018,1994
1201,G0801230001412,2014-2018,2005
1202,G0801230001413,2014-2018,1975
1203,G0801230001414,2014-2018,1991
1204,G0801230001415,2014-2018,1998
1205,G0801230001416,2014-2018,2005
1206,G0801230001417,2014-2018,1993
1207,G0801230001500,2014-2018,1991
1208,G0801230001600,2014-2018,1982
1209,G0801230001700,2014-2018,1972
1210,G0801230001800,2014-2018,1991
1211,G0801230001902,2014-2018,1999
1212,G0801230001905,2014-2018,1988
1213,G0801230001906,2014-2018,1983
1214,G0801230001907,2014-2018,1975
1215,G0801230001908,2014-2018,1960
1216,G0801230002004,2014-2018,1986
1217,G0801230002005,2014-2018,2005
1218,G0801230002006,2014-2018,1974
1219,G0801230002007,2014-2018,2003
1220,G0801230002008,2014-2018,2006
1221,G0801230002009,2014-2018,1992
1222,G0801230002010,2014-2018,2000
1223,G0801230002011,2014-2018,2012
1224,G0801230002012,2014-2018,2007
1225,G0801230002013,2014-2018,2004
1226,G0801230002014,2014-2018,1998
1227,G0801230002015,2014-2018,2005
1228,G0801230002016,2014-2018,1991
1229,G0801230002017,2014-2018,2003
1230,G0801230002018,2014-2018,2007
1231,G0801230002019,2014-2018,2008
1232,G0801230002020,2014-2018,NA
1233,G0801230002021,2014-2018,1977
1234,G0801230002101,2014-2018,2002
1235,G0801230002102,2014-2018,2003
1236,G0801230002103,2014-2018,1997
1237,G0801230002203,2014-2018,2010
1238,G0801230002204,2014-2018,2003
1239,G0801230002205,2014-2018,1985
1240,G0801230002206,2014-2018,1982
1241,G0801230002207,2014-2018,2004
1242,G0801230002208,2014-2018,2001
1243,G0801230002209,2014-2018,2007
1244,G0801230002210,2014-2018,2004
1245,G0801230002300,2014-2018,1978
1246,G0801230002501,2014-2018,1978
1247,G0801230002502,2014-2018,1986
1248,G0801250963100,2014-2018,1960
1249,G0801250963200,2014-2018,1962
1250,G3200010950100,2014-2018,1987
1251,G3200010950301,2014-2018,1986
1252,G3200010950302,2014-2018,1980
1253,G3200010950400,2014-2018,1992
1254,G3200010950500,2014-2018,1983
1255,G3200010950600,2014-2018,1992
1256,G3200010950700,2014-2018,1989
1257,G3200030000101,2014-2018,1963
1258,G3200030000103,2014-2018,1969
1259,G3200030000105,2014-2018,1964
1260,G3200030000106,2014-2018,1980
1261,G3200030000107,2014-2018,1979
1262,G3200030000108,2014-2018,1965
1263,G3200030000109,2014-2018,1970
1264,G3200030000201,2014-2018,1981
1265,G3200030000203,2014-2018,1978
1266,G3200030000204,2014-2018,1964
1267,G3200030000301,2014-2018,1964
1268,G3200030000302,2014-2018,1974
1269,G3200030000401,2014-2018,1990
1270,G3200030000402,2014-2018,1981
1271,G3200030000403,2014-2018,1975
1272,G3200030000510,2014-2018,1967
1273,G3200030000513,2014-2018,1982
1274,G3200030000514,2014-2018,1990
1275,G3200030000515,2014-2018,1988
1276,G3200030000516,2014-2018,1983
1277,G3200030000517,2014-2018,1985
1278,G3200030000518,2014-2018,1982
1279,G3200030000519,2014-2018,1978
1280,G3200030000520,2014-2018,1959
1281,G3200030000521,2014-2018,1968
1282,G3200030000522,2014-2018,1985
1283,G3200030000523,2014-2018,1976
1284,G3200030000524,2014-2018,1987
1285,G3200030000525,2014-2018,1981
1286,G3200030000526,2014-2018,1967
1287,G3200030000527,2014-2018,1979
1288,G3200030000528,2014-2018,1993
1289,G3200030000600,2014-2018,1966
1290,G3200030000700,2014-2018,1998
1291,G3200030000800,2014-2018,1969
1292,G3200030000900,2014-2018,2002
1293,G3200030001003,2014-2018,1975
1294,G3200030001004,2014-2018,1981
1295,G3200030001005,2014-2018,1968
1296,G3200030001006,2014-2018,1975
1297,G3200030001100,2014-2018,1971
1298,G3200030001200,2014-2018,1959
1299,G3200030001300,2014-2018,1957
1300,G3200030001401,2014-2018,1969
1301,G3200030001402,2014-2018,1961
1302,G3200030001501,2014-2018,1987
1303,G3200030001502,2014-2018,1978
1304,G3200030001607,2014-2018,1982
1305,G3200030001608,2014-2018,1978
1306,G3200030001609,2014-2018,1981
1307,G3200030001610,2014-2018,1978
1308,G3200030001611,2014-2018,1987
1309,G3200030001612,2014-2018,1987
1310,G3200030001613,2014-2018,1968
1311,G3200030001706,2014-2018,1983
1312,G3200030001707,2014-2018,1980
1313,G3200030001708,2014-2018,1975
1314,G3200030001709,2014-2018,1978
1315,G3200030001710,2014-2018,1977
1316,G3200030001711,2014-2018,1988
1317,G3200030001712,2014-2018,1977
1318,G3200030001713,2014-2018,1976
1319,G3200030001714,2014-2018,1977
1320,G3200030001715,2014-2018,1973
1321,G3200030001716,2014-2018,1973
1322,G3200030001717,2014-2018,1975
1323,G3200030001718,2014-2018,1974
1324,G3200030001801,2014-2018,1980
1325,G3200030001803,2014-2018,1975
1326,G3200030001804,2014-2018,1976
1327,G3200030001901,2014-2018,1979
1328,G3200030001902,2014-2018,1966
1329,G3200030002000,2014-2018,1975
1330,G3200030002201,2014-2018,1973
1331,G3200030002203,2014-2018,1975
1332,G3200030002204,2014-2018,1982
1333,G3200030002206,2014-2018,1978
1334,G3200030002207,2014-2018,1976
1335,G3200030002302,2014-2018,NA
1336,G3200030002303,2014-2018,2005
1337,G3200030002403,2014-2018,1974
1338,G3200030002404,2014-2018,1974
1339,G3200030002405,2014-2018,1974
1340,G3200030002406,2014-2018,1985
1341,G3200030002501,2014-2018,1979
1342,G3200030002504,2014-2018,1976
1343,G3200030002505,2014-2018,1982
1344,G3200030002506,2014-2018,1980
1345,G3200030002603,2014-2018,1976
1346,G3200030002604,2014-2018,1975
1347,G3200030002605,2014-2018,1970
1348,G3200030002706,2014-2018,1983
1349,G3200030002707,2014-2018,1977
1350,G3200030002708,2014-2018,1983
1351,G3200030002808,2014-2018,1994
1352,G3200030002810,2014-2018,1998
1353,G3200030002811,2014-2018,2000
1354,G3200030002814,2014-2018,NA
1355,G3200030002821,2014-2018,1991
1356,G3200030002822,2014-2018,1975
1357,G3200030002823,2014-2018,1991
1358,G3200030002824,2014-2018,1979
1359,G3200030002825,2014-2018,1978
1360,G3200030002826,2014-2018,1979
1361,G3200030002827,2014-2018,1985
1362,G3200030002828,2014-2018,1997
1363,G3200030002829,2014-2018,1992
1364,G3200030002830,2014-2018,1996
1365,G3200030002831,2014-2018,2000
1366,G3200030002832,2014-2018,2000
1367,G3200030002833,2014-2018,1997
1368,G3200030002834,2014-2018,1997
1369,G3200030002835,2014-2018,1998
1370,G3200030002836,2014-2018,1999
1371,G3200030002837,2014-2018,1994
1372,G3200030002838,2014-2018,1992
1373,G3200030002841,2014-2018,2005
1374,G3200030002842,2014-2018,NA
1375,G3200030002843,2014-2018,2006
1376,G3200030002844,2014-2018,2003
1377,G3200030002845,2014-2018,2002
1378,G3200030002846,2014-2018,2001
1379,G3200030002847,2014-2018,1993
1380,G3200030002848,2014-2018,1992
1381,G3200030002905,2014-2018,1985
1382,G3200030002915,2014-2018,1994
1383,G3200030002916,2014-2018,1991
1384,G3200030002919,2014-2018,1990
1385,G3200030002935,2014-2018,1985
1386,G3200030002936,2014-2018,1980
1387,G3200030002937,2014-2018,1984
1388,G3200030002938,2014-2018,1986
1389,G3200030002939,2014-2018,1986
1390,G3200030002940,2014-2018,1996
1391,G3200030002941,2014-2018,1977
1392,G3200030002942,2014-2018,1982
1393,G3200030002944,2014-2018,1997
1394,G3200030002946,2014-2018,1984
1395,G3200030002947,2014-2018,1979
1396,G3200030002948,2014-2018,1978
1397,G3200030002949,2014-2018,1978
1398,G3200030002950,2014-2018,1995
1399,G3200030002951,2014-2018,1998
1400,G3200030002952,2014-2018,1994
1401,G3200030002953,2014-2018,1988
1402,G3200030002954,2014-2018,1981
1403,G3200030002956,2014-2018,1998
1404,G3200030002957,2014-2018,1988
1405,G3200030002958,2014-2018,1991
1406,G3200030002961,2014-2018,1994
1407,G3200030002962,2014-2018,1994
1408,G3200030002964,2014-2018,1989
1409,G3200030002965,2014-2018,1985
1410,G3200030002966,2014-2018,1985
1411,G3200030002967,2014-2018,1993
1412,G3200030002968,2014-2018,2000
1413,G3200030002969,2014-2018,1998
1414,G3200030002970,2014-2018,1994
1415,G3200030002974,2014-2018,1999
1416,G3200030002975,2014-2018,1999
1417,G3200030002976,2014-2018,2005
1418,G3200030002977,2014-2018,NA
1419,G3200030002978,2014-2018,2009
1420,G3200030002979,2014-2018,2002
1421,G3200030002980,2014-2018,NA
1422,G3200030002981,2014-2018,2005
1423,G3200030002982,2014-2018,2004
1424,G3200030002983,2014-2018,2006
1425,G3200030002984,2014-2018,2008
1426,G3200030002985,2014-2018,2004
1427,G3200030002995,2014-2018,1983
1428,G3200030002996,2014-2018,1985
1429,G3200030003001,2014-2018,1971
1430,G3200030003003,2014-2018,1989
1431,G3200030003004,2014-2018,1989
1432,G3200030003005,2014-2018,1976
1433,G3200030003006,2014-2018,1976
1434,G3200030003102,2014-2018,1972
1435,G3200030003103,2014-2018,1988
1436,G3200030003104,2014-2018,1991
1437,G3200030003204,2014-2018,1993
1438,G3200030003208,2014-2018,1996
1439,G3200030003210,2014-2018,1995
1440,G3200030003211,2014-2018,1993
1441,G3200030003213,2014-2018,1994
1442,G3200030003214,2014-2018,1993
1443,G3200030003215,2014-2018,1994
1444,G3200030003218,2014-2018,NA
1445,G3200030003219,2014-2018,1995
1446,G3200030003220,2014-2018,1993
1447,G3200030003222,2014-2018,1996
1448,G3200030003223,2014-2018,2002
1449,G3200030003226,2014-2018,2003
1450,G3200030003227,2014-2018,2002
1451,G3200030003228,2014-2018,2005
1452,G3200030003229,2014-2018,2006
1453,G3200030003230,2014-2018,2007
1454,G3200030003231,2014-2018,2009
1455,G3200030003232,2014-2018,1999
1456,G3200030003233,2014-2018,2006
1457,G3200030003234,2014-2018,NA
1458,G3200030003235,2014-2018,2004
1459,G3200030003236,2014-2018,1996
1460,G3200030003237,2014-2018,NA
1461,G3200030003238,2014-2018,NA
1462,G3200030003239,2014-2018,2003
1463,G3200030003240,2014-2018,1996
1464,G3200030003241,2014-2018,1997
1465,G3200030003242,2014-2018,2004
1466,G3200030003243,2014-2018,1996
1467,G3200030003244,2014-2018,1995
1468,G3200030003245,2014-2018,1997
1469,G3200030003246,2014-2018,1995
1470,G3200030003247,2014-2018,1992
1471,G3200030003248,2014-2018,1992
1472,G3200030003249,2014-2018,2001
1473,G3200030003250,2014-2018,2000
1474,G3200030003251,2014-2018,NA
1475,G3200030003252,2014-2018,NA
1476,G3200030003253,2014-2018,1992
1477,G3200030003254,2014-2018,1988
1478,G3200030003260,2014-2018,1993
1479,G3200030003261,2014-2018,1994
1480,G3200030003262,2014-2018,NA
1481,G3200030003303,2014-2018,1996
1482,G3200030003305,2014-2018,1996
1483,G3200030003306,2014-2018,1991
1484,G3200030003307,2014-2018,2001
1485,G3200030003308,2014-2018,2002
1486,G3200030003309,2014-2018,NA
1487,G3200030003310,2014-2018,2004
1488,G3200030003311,2014-2018,2005
1489,G3200030003312,2014-2018,NA
1490,G3200030003313,2014-2018,2004
1491,G3200030003314,2014-2018,2005
1492,G3200030003315,2014-2018,NA
1493,G3200030003316,2014-2018,2004
1494,G3200030003317,2014-2018,2002
1495,G3200030003318,2014-2018,2002
1496,G3200030003319,2014-2018,2000
1497,G3200030003320,2014-2018,2000
1498,G3200030003321,2014-2018,2003
1499,G3200030003408,2014-2018,1998
1500,G3200030003409,2014-2018,1988
1501,G3200030003410,2014-2018,1996
1502,G3200030003411,2014-2018,1994
1503,G3200030003412,2014-2018,1986
1504,G3200030003413,2014-2018,1984
1505,G3200030003414,2014-2018,1990
1506,G3200030003415,2014-2018,1990
1507,G3200030003416,2014-2018,1988
1508,G3200030003418,2014-2018,1992
1509,G3200030003419,2014-2018,1989
1510,G3200030003420,2014-2018,1978
1511,G3200030003421,2014-2018,1994
1512,G3200030003422,2014-2018,1987
1513,G3200030003423,2014-2018,1982
1514,G3200030003426,2014-2018,1987
1515,G3200030003427,2014-2018,1995
1516,G3200030003428,2014-2018,1987
1517,G3200030003429,2014-2018,1982
1518,G3200030003430,2014-2018,1993
1519,G3200030003431,2014-2018,1991
1520,G3200030003500,2014-2018,1983
1521,G3200030003607,2014-2018,1999
1522,G3200030003609,2014-2018,1995
1523,G3200030003610,2014-2018,1996
1524,G3200030003612,2014-2018,1997
1525,G3200030003613,2014-2018,1997
1526,G3200030003615,2014-2018,1996
1527,G3200030003616,2014-2018,1992
1528,G3200030003617,2014-2018,1995
1529,G3200030003618,2014-2018,2005
1530,G3200030003619,2014-2018,2006
1531,G3200030003620,2014-2018,NA
1532,G3200030003621,2014-2018,NA
1533,G3200030003622,2014-2018,NA
1534,G3200030003623,2014-2018,NA
1535,G3200030003624,2014-2018,NA
1536,G3200030003625,2014-2018,2006
1537,G3200030003626,2014-2018,2005
1538,G3200030003627,2014-2018,2004
1539,G3200030003628,2014-2018,2005
1540,G3200030003629,2014-2018,2005
1541,G3200030003630,2014-2018,1999
1542,G3200030003631,2014-2018,2005
1543,G3200030003632,2014-2018,2002
1544,G3200030003633,2014-2018,1999
1545,G3200030003634,2014-2018,1998
1546,G3200030003635,2014-2018,1996
1547,G3200030003636,2014-2018,1997
1548,G3200030003637,2014-2018,NA
1549,G3200030003638,2014-2018,2004
1550,G3200030003639,2014-2018,1997
1551,G3200030003640,2014-2018,1998
1552,G3200030003641,2014-2018,2002
1553,G3200030003642,2014-2018,2003
1554,G3200030003643,2014-2018,1996
1555,G3200030003644,2014-2018,1996
1556,G3200030003700,2014-2018,1967
1557,G3200030003800,2014-2018,1976
1558,G3200030004000,2014-2018,1960
1559,G3200030004100,2014-2018,1965
1560,G3200030004200,2014-2018,1974
1561,G3200030004301,2014-2018,1974
1562,G3200030004302,2014-2018,1969
1563,G3200030004401,2014-2018,1965
1564,G3200030004402,2014-2018,1974
1565,G3200030004500,2014-2018,1966
1566,G3200030004601,2014-2018,1982
1567,G3200030004602,2014-2018,1976
1568,G3200030004703,2014-2018,1987
1569,G3200030004707,2014-2018,1987
1570,G3200030004709,2014-2018,1993
1571,G3200030004710,2014-2018,1990
1572,G3200030004712,2014-2018,1984
1573,G3200030004713,2014-2018,1989
1574,G3200030004714,2014-2018,1992
1575,G3200030004715,2014-2018,2000
1576,G3200030004716,2014-2018,1988
1577,G3200030004717,2014-2018,1975
1578,G3200030004907,2014-2018,1996
1579,G3200030004910,2014-2018,1991
1580,G3200030004911,2014-2018,1990
1581,G3200030004912,2014-2018,1988
1582,G3200030004914,2014-2018,1982
1583,G3200030004915,2014-2018,1986
1584,G3200030004916,2014-2018,1987
1585,G3200030004917,2014-2018,1985
1586,G3200030004918,2014-2018,1994
1587,G3200030004919,2014-2018,1997
1588,G3200030004920,2014-2018,1989
1589,G3200030004921,2014-2018,1987
1590,G3200030004923,2014-2018,1997
1591,G3200030004924,2014-2018,1980
1592,G3200030004925,2014-2018,1997
1593,G3200030004926,2014-2018,2003
1594,G3200030005005,2014-2018,1986
1595,G3200030005006,2014-2018,1992
1596,G3200030005007,2014-2018,2002
1597,G3200030005010,2014-2018,1992
1598,G3200030005011,2014-2018,1986
1599,G3200030005012,2014-2018,1993
1600,G3200030005013,2014-2018,2004
1601,G3200030005014,2014-2018,1996
1602,G3200030005015,2014-2018,2005
1603,G3200030005016,2014-2018,2002
1604,G3200030005017,2014-2018,2007
1605,G3200030005101,2014-2018,1995
1606,G3200030005102,2014-2018,1986
1607,G3200030005103,2014-2018,1990
1608,G3200030005104,2014-2018,1988
1609,G3200030005105,2014-2018,2002
1610,G3200030005106,2014-2018,1988
1611,G3200030005107,2014-2018,1993
1612,G3200030005108,2014-2018,1997
1613,G3200030005109,2014-2018,1997
1614,G3200030005200,2014-2018,1969
1615,G3200030005311,2014-2018,1994
1616,G3200030005312,2014-2018,NA
1617,G3200030005313,2014-2018,1994
1618,G3200030005314,2014-2018,1989
1619,G3200030005315,2014-2018,1996
1620,G3200030005316,2014-2018,1988
1621,G3200030005317,2014-2018,1994
1622,G3200030005318,2014-2018,1995
1623,G3200030005319,2014-2018,1995
1624,G3200030005320,2014-2018,1991
1625,G3200030005321,2014-2018,1994
1626,G3200030005322,2014-2018,1994
1627,G3200030005333,2014-2018,1996
1628,G3200030005335,2014-2018,1991
1629,G3200030005336,2014-2018,1993
1630,G3200030005337,2014-2018,1996
1631,G3200030005338,2014-2018,1995
1632,G3200030005341,2014-2018,1986
1633,G3200030005342,2014-2018,1984
1634,G3200030005343,2014-2018,1998
1635,G3200030005346,2014-2018,2001
1636,G3200030005347,2014-2018,2002
1637,G3200030005348,2014-2018,2000
1638,G3200030005349,2014-2018,2002
1639,G3200030005350,2014-2018,NA
1640,G3200030005351,2014-2018,2003
1641,G3200030005352,2014-2018,1997
1642,G3200030005353,2014-2018,2003
1643,G3200030005354,2014-2018,2004
1644,G3200030005355,2014-2018,2000
1645,G3200030005356,2014-2018,2003
1646,G3200030005357,2014-2018,2002
1647,G3200030005358,2014-2018,NA
1648,G3200030005359,2014-2018,2000
1649,G3200030005360,2014-2018,2002
1650,G3200030005421,2014-2018,1981
1651,G3200030005422,2014-2018,1974
1652,G3200030005423,2014-2018,1990
1653,G3200030005432,2014-2018,1997
1654,G3200030005433,2014-2018,1993
1655,G3200030005434,2014-2018,1997
1656,G3200030005435,2014-2018,2003
1657,G3200030005436,2014-2018,2005
1658,G3200030005437,2014-2018,2004
1659,G3200030005438,2014-2018,1990
1660,G3200030005439,2014-2018,1983
1661,G3200030005501,2014-2018,1991
1662,G3200030005502,2014-2018,1979
1663,G3200030005503,2014-2018,1956
1664,G3200030005504,2014-2018,1981
1665,G3200030005607,2014-2018,1996
1666,G3200030005612,2014-2018,1983
1667,G3200030005613,2014-2018,1990
1668,G3200030005614,2014-2018,1995
1669,G3200030005615,2014-2018,2002
1670,G3200030005702,2014-2018,1988
1671,G3200030005703,2014-2018,1988
1672,G3200030005704,2014-2018,1987
1673,G3200030005705,2014-2018,2000
1674,G3200030005711,2014-2018,NA
1675,G3200030005712,2014-2018,2006
1676,G3200030005713,2014-2018,2006
1677,G3200030005714,2014-2018,2004
1678,G3200030005715,2014-2018,NA
1679,G3200030005716,2014-2018,NA
1680,G3200030005803,2014-2018,1996
1681,G3200030005804,2014-2018,1995
1682,G3200030005805,2014-2018,1990
1683,G3200030005806,2014-2018,1988
1684,G3200030005807,2014-2018,1987
1685,G3200030005808,2014-2018,1986
1686,G3200030005809,2014-2018,1988
1687,G3200030005811,2014-2018,1996
1688,G3200030005813,2014-2018,1997
1689,G3200030005818,2014-2018,1980
1690,G3200030005822,2014-2018,NA
1691,G3200030005823,2014-2018,2007
1692,G3200030005824,2014-2018,2005
1693,G3200030005825,2014-2018,1995
1694,G3200030005826,2014-2018,1996
1695,G3200030005827,2014-2018,2005
1696,G3200030005828,2014-2018,2006
1697,G3200030005829,2014-2018,NA
1698,G3200030005830,2014-2018,2006
1699,G3200030005831,2014-2018,2007
1700,G3200030005832,2014-2018,2011
1701,G3200030005833,2014-2018,2008
1702,G3200030005834,2014-2018,2002
1703,G3200030005835,2014-2018,2005
1704,G3200030005836,2014-2018,2004
1705,G3200030005837,2014-2018,NA
1706,G3200030005838,2014-2018,2006
1707,G3200030005839,2014-2018,2006
1708,G3200030005840,2014-2018,2007
1709,G3200030005841,2014-2018,NA
1710,G3200030005842,2014-2018,2006
1711,G3200030005843,2014-2018,2005
1712,G3200030005844,2014-2018,2003
1713,G3200030005845,2014-2018,2001
1714,G3200030005846,2014-2018,2007
1715,G3200030005847,2014-2018,2006
1716,G3200030005848,2014-2018,2002
1717,G3200030005849,2014-2018,1996
1718,G3200030005850,2014-2018,2005
1719,G3200030005851,2014-2018,2005
1720,G3200030005852,2014-2018,NA
1721,G3200030005853,2014-2018,2005
1722,G3200030005854,2014-2018,2006
1723,G3200030005855,2014-2018,2005
1724,G3200030005856,2014-2018,NA
1725,G3200030005902,2014-2018,1990
1726,G3200030005903,2014-2018,2004
1727,G3200030005904,2014-2018,2007
1728,G3200030005905,2014-2018,1997
1729,G3200030006001,2014-2018,1997
1730,G3200030006103,2014-2018,1994
1731,G3200030006104,2014-2018,2001
1732,G3200030006201,2014-2018,1993
1733,G3200030006202,2014-2018,1993
1734,G3200030006203,2014-2018,1992
1735,G3200030006204,2014-2018,1996
1736,G3200030006700,2014-2018,2005
1737,G3200030006800,2014-2018,1976
1738,G3200030006900,2014-2018,1992
1739,G3200030007100,2014-2018,1976
1740,G3200030007200,2014-2018,1988
1741,G3200030007500,2014-2018,1986
1742,G3200030007600,2014-2018,1992
1743,G3200030007800,2014-2018,1994
1744,G3200050001000,2014-2018,1976
1745,G3200050001100,2014-2018,1990
1746,G3200050001200,2014-2018,1990
1747,G3200050001300,2014-2018,1992
1748,G3200050001400,2014-2018,1993
1749,G3200050001500,2014-2018,1998
1750,G3200050001600,2014-2018,1976
1751,G3200050001700,2014-2018,1973
1752,G3200050001800,2014-2018,1978
1753,G3200050001900,2014-2018,1989
1754,G3200050002000,2014-2018,1987
1755,G3200050002100,2014-2018,1997
1756,G3200050002200,2014-2018,1997
1757,G3200050002300,2014-2018,1996
1758,G3200050002400,2014-2018,1994
1759,G3200050002500,2014-2018,1987
1760,G3200050990000,2014-2018,NA
1761,G3200070950200,2014-2018,1977
1762,G3200070950701,2014-2018,1995
1763,G3200070950702,2014-2018,1985
1764,G3200070950800,2014-2018,1962
1765,G3200070950900,2014-2018,1972
1766,G3200070951000,2014-2018,1952
1767,G3200070951201,2014-2018,1996
1768,G3200070951202,2014-2018,1989
1769,G3200070951300,2014-2018,1977
1770,G3200070951401,2014-2018,1992
1771,G3200070951402,2014-2018,1996
1772,G3200070951500,2014-2018,1989
1773,G3200070951600,2014-2018,1985
1774,G3200070951700,2014-2018,1981
1775,G3200090950100,2014-2018,1975
1776,G3200110000100,2014-2018,1983
1777,G3200130010500,2014-2018,1983
1778,G3200130010600,2014-2018,1987
1779,G3200130010701,2014-2018,1977
1780,G3200130010702,2014-2018,1995
1781,G3200150000300,2014-2018,1980
1782,G3200170950100,2014-2018,1987
1783,G3200170950200,2014-2018,1973
1784,G3200190960101,2014-2018,2003
1785,G3200190960102,2014-2018,1995
1786,G3200190960103,2014-2018,1987
1787,G3200190960201,2014-2018,1991
1788,G3200190960202,2014-2018,1991
1789,G3200190960301,2014-2018,1987
1790,G3200190960302,2014-2018,2001
1791,G3200190960303,2014-2018,2000
1792,G3200190960800,2014-2018,1982
1793,G3200190960900,2014-2018,1980
1794,G3200210970700,2014-2018,1969
1795,G3200210970800,2014-2018,1982
1796,G3200230960100,2014-2018,1985
1797,G3200230960200,2014-2018,1967
1798,G3200230960300,2014-2018,1980
1799,G3200230960401,2014-2018,2000
1800,G3200230960402,2014-2018,1994
1801,G3200230960403,2014-2018,1994
1802,G3200230960404,2014-2018,1997
1803,G3200230960405,2014-2018,1993
1804,G3200230960406,2014-2018,2001
1805,G3200230980500,2014-2018,NA
1806,G3200270960100,2014-2018,1984
1807,G3200290970200,2014-2018,1991
1808,G3200310000101,2014-2018,1969
1809,G3200310000102,2014-2018,1976
1810,G3200310000201,2014-2018,1962
1811,G3200310000202,2014-2018,1965
1812,G3200310000300,2014-2018,1957
1813,G3200310000400,2014-2018,1954
1814,G3200310000700,2014-2018,1965
1815,G3200310000900,2014-2018,1972
1816,G3200310001005,2014-2018,1979
1817,G3200310001008,2014-2018,1975
1818,G3200310001009,2014-2018,1979
1819,G3200310001010,2014-2018,2000
1820,G3200310001011,2014-2018,1987
1821,G3200310001012,2014-2018,1991
1822,G3200310001013,2014-2018,2000
1823,G3200310001014,2014-2018,1988
1824,G3200310001015,2014-2018,1979
1825,G3200310001101,2014-2018,1964
1826,G3200310001103,2014-2018,1993
1827,G3200310001104,2014-2018,1974
1828,G3200310001105,2014-2018,1984
1829,G3200310001201,2014-2018,1991
1830,G3200310001202,2014-2018,1991
1831,G3200310001300,2014-2018,1967
1832,G3200310001400,2014-2018,1961
1833,G3200310001501,2014-2018,1997
1834,G3200310001502,2014-2018,1974
1835,G3200310001701,2014-2018,1979
1836,G3200310001702,2014-2018,1990
1837,G3200310001801,2014-2018,1974
1838,G3200310001802,2014-2018,1972
1839,G3200310001901,2014-2018,1975
1840,G3200310001902,2014-2018,1973
1841,G3200310002103,2014-2018,1996
1842,G3200310002104,2014-2018,1980
1843,G3200310002105,2014-2018,1983
1844,G3200310002106,2014-2018,1976
1845,G3200310002107,2014-2018,1968
1846,G3200310002204,2014-2018,1975
1847,G3200310002205,2014-2018,1984
1848,G3200310002206,2014-2018,2004
1849,G3200310002207,2014-2018,2006
1850,G3200310002208,2014-2018,2001
1851,G3200310002209,2014-2018,2005
1852,G3200310002210,2014-2018,1998
1853,G3200310002211,2014-2018,1977
1854,G3200310002212,2014-2018,1976
1855,G3200310002301,2014-2018,2005
1856,G3200310002302,2014-2018,1991
1857,G3200310002401,2014-2018,1984
1858,G3200310002406,2014-2018,1971
1859,G3200310002407,2014-2018,1994
1860,G3200310002408,2014-2018,1994
1861,G3200310002409,2014-2018,2003
1862,G3200310002410,2014-2018,1995
1863,G3200310002411,2014-2018,1993
1864,G3200310002412,2014-2018,1998
1865,G3200310002500,2014-2018,1976
1866,G3200310002603,2014-2018,1981
1867,G3200310002610,2014-2018,1999
1868,G3200310002611,2014-2018,1991
1869,G3200310002612,2014-2018,1990
1870,G3200310002613,2014-2018,NA
1871,G3200310002614,2014-2018,1995
1872,G3200310002615,2014-2018,2002
1873,G3200310002616,2014-2018,1989
1874,G3200310002617,2014-2018,2003
1875,G3200310002618,2014-2018,1977
1876,G3200310002619,2014-2018,1991
1877,G3200310002703,2014-2018,1978
1878,G3200310002704,2014-2018,1987
1879,G3200310002705,2014-2018,1986
1880,G3200310002706,2014-2018,1990
1881,G3200310002707,2014-2018,1990
1882,G3200310002801,2014-2018,1980
1883,G3200310002802,2014-2018,1970
1884,G3200310002901,2014-2018,1971
1885,G3200310002902,2014-2018,1966
1886,G3200310003000,2014-2018,1975
1887,G3200310003101,2014-2018,1988
1888,G3200310003105,2014-2018,1980
1889,G3200310003106,2014-2018,1981
1890,G3200310003108,2014-2018,1983
1891,G3200310003109,2014-2018,2004
1892,G3200310003110,2014-2018,1987
1893,G3200310003202,2014-2018,1987
1894,G3200310003203,2014-2018,1997
1895,G3200310003204,2014-2018,1985
1896,G3200310003305,2014-2018,1975
1897,G3200310003306,2014-2018,1976
1898,G3200310003307,2014-2018,1980
1899,G3200310003308,2014-2018,1980
1900,G3200310003309,2014-2018,1982
1901,G3200310003501,2014-2018,1994
1902,G3200310003503,2014-2018,1995
1903,G3200310003504,2014-2018,2001
1904,G3200310003507,2014-2018,1997
1905,G3200310003508,2014-2018,2001
1906,G3200310003509,2014-2018,2005
1907,G3200310003510,2014-2018,1998
1908,G3200310003511,2014-2018,1999
1909,G3200310003512,2014-2018,2003
1910,G3200310003513,2014-2018,2004
1911,G3200310003514,2014-2018,1995
1912,G3200310003515,2014-2018,2005
1913,G3200310940200,2014-2018,1982
1914,G3200310980000,2014-2018,NA
1915,G3200310980100,2014-2018,NA
1916,G3200310980200,2014-2018,NA
1917,G3200310980300,2014-2018,NA
1918,G3200310990000,2014-2018,NA
1919,G3200310990100,2014-2018,NA
1920,G3200330970100,2014-2018,1946
1921,G3200330970200,2014-2018,1983
1922,G3200330970300,2014-2018,1965
1923,G3205100000100,2014-2018,1970
1924,G3205100000200,2014-2018,1976
1925,G3205100000300,2014-2018,1988
1926,G3205100000400,2014-2018,1981
1927,G3205100000501,2014-2018,1990
1928,G3205100000502,2014-2018,1978
1929,G3205100000600,2014-2018,1981
1930,G3205100000701,2014-2018,1980
1931,G3205100000702,2014-2018,1988
1932,G3205100000800,2014-2018,1983
1933,G3205100000900,2014-2018,1978
1934,G3205100001001,2014-2018,1979
1935,G3205100001002,2014-2018,1991
1936,G3205100990000,2014-2018,NA
1937,G3500010000107,2014-2018,1980
1938,G3500010000108,2014-2018,1974
1939,G3500010000109,2014-2018,1969
1940,G3500010000110,2014-2018,1971
1941,G3500010000111,2014-2018,1969
1942,G3500010000112,2014-2018,1981
1943,G3500010000113,2014-2018,1976
1944,G3500010000114,2014-2018,1959
1945,G3500010000115,2014-2018,1966
1946,G3500010000116,2014-2018,1973
1947,G3500010000117,2014-2018,1974
1948,G3500010000118,2014-2018,1970
1949,G3500010000119,2014-2018,1965
1950,G3500010000120,2014-2018,1964
1951,G3500010000121,2014-2018,1961
1952,G3500010000122,2014-2018,1960
1953,G3500010000123,2014-2018,1964
1954,G3500010000124,2014-2018,1971
1955,G3500010000125,2014-2018,1984
1956,G3500010000126,2014-2018,1978
1957,G3500010000127,2014-2018,1962
1958,G3500010000128,2014-2018,1959
1959,G3500010000129,2014-2018,1976
1960,G3500010000203,2014-2018,1970
1961,G3500010000204,2014-2018,1966
1962,G3500010000205,2014-2018,1969
1963,G3500010000206,2014-2018,1958
1964,G3500010000207,2014-2018,1959
1965,G3500010000208,2014-2018,1955
1966,G3500010000300,2014-2018,1959
1967,G3500010000401,2014-2018,1960
1968,G3500010000402,2014-2018,1955
1969,G3500010000501,2014-2018,1972
1970,G3500010000502,2014-2018,1957
1971,G3500010000601,2014-2018,1961
1972,G3500010000603,2014-2018,1967
1973,G3500010000604,2014-2018,1966
1974,G3500010000704,2014-2018,1971
1975,G3500010000707,2014-2018,1973
1976,G3500010000708,2014-2018,1987
1977,G3500010000710,2014-2018,1992
1978,G3500010000711,2014-2018,1979
1979,G3500010000712,2014-2018,1975
1980,G3500010000713,2014-2018,1982
1981,G3500010000714,2014-2018,1999
1982,G3500010000801,2014-2018,2002
1983,G3500010000901,2014-2018,1975
1984,G3500010000903,2014-2018,1968
1985,G3500010000904,2014-2018,1960
1986,G3500010001101,2014-2018,1957
1987,G3500010001102,2014-2018,1957
1988,G3500010001200,2014-2018,1974
1989,G3500010001300,2014-2018,1958
1990,G3500010001400,2014-2018,1946
1991,G3500010001500,2014-2018,1950
1992,G3500010001600,2014-2018,1961
1993,G3500010001700,2014-2018,1953
1994,G3500010001800,2014-2018,1978
1995,G3500010001900,2014-2018,1960
1996,G3500010002000,2014-2018,1982
1997,G3500010002100,2014-2018,1997
1998,G3500010002200,2014-2018,1958
1999,G3500010002300,2014-2018,1968
2000,G3500010002401,2014-2018,1974
2001,G3500010002402,2014-2018,1968
2002,G3500010002500,2014-2018,1989
2003,G3500010002600,2014-2018,1945
2004,G3500010002700,2014-2018,1943
2005,G3500010002900,2014-2018,1961
2006,G3500010003001,2014-2018,1975
2007,G3500010003002,2014-2018,1978
2008,G3500010003100,2014-2018,1970
2009,G3500010003201,2014-2018,1959
2010,G3500010003202,2014-2018,1960
2011,G3500010003400,2014-2018,1980
2012,G3500010003501,2014-2018,1979
2013,G3500010003502,2014-2018,1964
2014,G3500010003600,2014-2018,1975
2015,G3500010003707,2014-2018,1978
2016,G3500010003712,2014-2018,1978
2017,G3500010003714,2014-2018,1977
2018,G3500010003715,2014-2018,1984
2019,G3500010003717,2014-2018,1982
2020,G3500010003718,2014-2018,1974
2021,G3500010003719,2014-2018,1984
2022,G3500010003721,2014-2018,1995
2023,G3500010003722,2014-2018,2001
2024,G3500010003723,2014-2018,1986
2025,G3500010003724,2014-2018,1976
2026,G3500010003725,2014-2018,1975
2027,G3500010003726,2014-2018,1993
2028,G3500010003728,2014-2018,1984
2029,G3500010003729,2014-2018,1995
2030,G3500010003730,2014-2018,1993
2031,G3500010003731,2014-2018,1997
2032,G3500010003732,2014-2018,1997
2033,G3500010003733,2014-2018,1978
2034,G3500010003735,2014-2018,2001
2035,G3500010003736,2014-2018,1987
2036,G3500010003737,2014-2018,1989
2037,G3500010003738,2014-2018,1985
2038,G3500010003803,2014-2018,1989
2039,G3500010003804,2014-2018,1991
2040,G3500010003805,2014-2018,1984
2041,G3500010003806,2014-2018,1992
2042,G3500010003807,2014-2018,1989
2043,G3500010004001,2014-2018,1985
2044,G3500010004300,2014-2018,1960
2045,G3500010004401,2014-2018,1967
2046,G3500010004402,2014-2018,1975
2047,G3500010004501,2014-2018,1958
2048,G3500010004502,2014-2018,1960
2049,G3500010004602,2014-2018,1974
2050,G3500010004603,2014-2018,1965
2051,G3500010004604,2014-2018,1978
2052,G3500010004712,2014-2018,1997
2053,G3500010004713,2014-2018,1981
2054,G3500010004715,2014-2018,1990
2055,G3500010004716,2014-2018,1991
2056,G3500010004717,2014-2018,1997
2057,G3500010004720,2014-2018,1980
2058,G3500010004722,2014-2018,1992
2059,G3500010004723,2014-2018,1994
2060,G3500010004724,2014-2018,1985
2061,G3500010004725,2014-2018,1991
2062,G3500010004726,2014-2018,1989
2063,G3500010004727,2014-2018,1980
2064,G3500010004728,2014-2018,1993
2065,G3500010004729,2014-2018,1995
2066,G3500010004733,2014-2018,1998
2067,G3500010004734,2014-2018,1996
2068,G3500010004735,2014-2018,1994
2069,G3500010004736,2014-2018,1994
2070,G3500010004737,2014-2018,2006
2071,G3500010004738,2014-2018,2004
2072,G3500010004739,2014-2018,2000
2073,G3500010004740,2014-2018,2003
2074,G3500010004741,2014-2018,1999
2075,G3500010004742,2014-2018,1991
2076,G3500010004743,2014-2018,2003
2077,G3500010004744,2014-2018,2003
2078,G3500010004745,2014-2018,1999
2079,G3500010004746,2014-2018,2004
2080,G3500010004747,2014-2018,1992
2081,G3500010004748,2014-2018,2003
2082,G3500010004749,2014-2018,1986
2083,G3500010004750,2014-2018,1995
2084,G3500010004751,2014-2018,2005
2085,G3500010004752,2014-2018,1993
2086,G3500010004753,2014-2018,1999
2087,G3500010940500,2014-2018,1981
2088,G3500010940600,2014-2018,2006
2089,G3500010940700,2014-2018,1977
2090,G3500030976400,2014-2018,1987
2091,G3500050000201,2014-2018,1955
2092,G3500050000202,2014-2018,1966
2093,G3500050000300,2014-2018,1962
2094,G3500050000400,2014-2018,1964
2095,G3500050000500,2014-2018,1955
2096,G3500050000600,2014-2018,1957
2097,G3500050000700,2014-2018,1964
2098,G3500050000800,2014-2018,1969
2099,G3500050000900,2014-2018,1975
2100,G3500050001001,2014-2018,1979
2101,G3500050001002,2014-2018,1983
2102,G3500050001101,2014-2018,1969
2103,G3500050001102,2014-2018,1986
2104,G3500050001200,2014-2018,1974
2105,G3500050001300,2014-2018,1980
2106,G3500050001400,2014-2018,1969
2107,G3500060941500,2014-2018,1974
2108,G3500060945800,2014-2018,1987
2109,G3500060946100,2014-2018,1975
2110,G3500060974201,2014-2018,1976
2111,G3500060974202,2014-2018,1967
2112,G3500060974400,2014-2018,1975
2113,G3500060974700,2014-2018,1979
2114,G3500070950500,2014-2018,1972
2115,G3500070950600,2014-2018,1961
2116,G3500070950700,2014-2018,1983
2117,G3500090000100,2014-2018,1966
2118,G3500090000201,2014-2018,1973
2119,G3500090000202,2014-2018,1973
2120,G3500090000301,2014-2018,1962
2121,G3500090000303,2014-2018,1982
2122,G3500090000304,2014-2018,1984
2123,G3500090000400,2014-2018,1952
2124,G3500090000500,2014-2018,1979
2125,G3500090000601,2014-2018,1972
2126,G3500090000602,2014-2018,1995
2127,G3500090000603,2014-2018,1985
2128,G3500090000900,2014-2018,2000
2129,G3500110960100,2014-2018,1963
2130,G3500130000102,2014-2018,1972
2131,G3500130000103,2014-2018,1986
2132,G3500130000104,2014-2018,1987
2133,G3500130000201,2014-2018,1992
2134,G3500130000202,2014-2018,1991
2135,G3500130000300,2014-2018,1964
2136,G3500130000401,2014-2018,1957
2137,G3500130000402,2014-2018,1980
2138,G3500130000500,2014-2018,1960
2139,G3500130000600,2014-2018,1957
2140,G3500130000700,2014-2018,1965
2141,G3500130000800,2014-2018,1975
2142,G3500130000900,2014-2018,1978
2143,G3500130001000,2014-2018,1960
2144,G3500130001102,2014-2018,1977
2145,G3500130001103,2014-2018,1984
2146,G3500130001104,2014-2018,1986
2147,G3500130001201,2014-2018,2003
2148,G3500130001203,2014-2018,1984
2149,G3500130001204,2014-2018,1997
2150,G3500130001205,2014-2018,1987
2151,G3500130001303,2014-2018,1984
2152,G3500130001304,2014-2018,1998
2153,G3500130001305,2014-2018,1990
2154,G3500130001306,2014-2018,2003
2155,G3500130001307,2014-2018,1993
2156,G3500130001400,2014-2018,1978
2157,G3500130001500,2014-2018,1989
2158,G3500130001600,2014-2018,1981
2159,G3500130001701,2014-2018,1999
2160,G3500130001702,2014-2018,1976
2161,G3500130001703,2014-2018,1992
2162,G3500130001705,2014-2018,1987
2163,G3500130001706,2014-2018,1984
2164,G3500130001707,2014-2018,1994
2165,G3500130001801,2014-2018,1984
2166,G3500130001802,2014-2018,1987
2167,G3500130001804,2014-2018,1990
2168,G3500130001805,2014-2018,1977
2169,G3500130001806,2014-2018,1993
2170,G3500130001900,2014-2018,1968
2171,G3500150000100,2014-2018,1956
2172,G3500150000200,2014-2018,1987
2173,G3500150000300,2014-2018,1960
2174,G3500150000401,2014-2018,1966
2175,G3500150000402,2014-2018,1958
2176,G3500150000500,2014-2018,1954
2177,G3500150000600,2014-2018,1985
2178,G3500150000700,2014-2018,1990
2179,G3500150000800,2014-2018,1971
2180,G3500150000900,2014-2018,1988
2181,G3500150001000,2014-2018,1976
2182,G3500150001100,2014-2018,1967
2183,G3500170964100,2014-2018,1985
2184,G3500170964200,2014-2018,1981
2185,G3500170964300,2014-2018,1975
2186,G3500170964400,2014-2018,1970
2187,G3500170964500,2014-2018,1980
2188,G3500170964600,2014-2018,1965
2189,G3500170964700,2014-2018,1987
2190,G3500170964800,2014-2018,1957
2191,G3500190961600,2014-2018,1967
2192,G3500210000100,2014-2018,1954
2193,G3500230970000,2014-2018,1984
2194,G3500230970200,2014-2018,1971
2195,G3500250000100,2014-2018,1957
2196,G3500250000200,2014-2018,1970
2197,G3500250000300,2014-2018,1961
2198,G3500250000400,2014-2018,1968
2199,G3500250000502,2014-2018,1968
2200,G3500250000503,2014-2018,1983
2201,G3500250000504,2014-2018,1986
2202,G3500250000600,2014-2018,1966
2203,G3500250000701,2014-2018,1992
2204,G3500250000702,2014-2018,1987
2205,G3500250000703,2014-2018,1988
2206,G3500250000704,2014-2018,1987
2207,G3500250000800,2014-2018,1964
2208,G3500250000900,2014-2018,1960
2209,G3500250001003,2014-2018,1962
2210,G3500250001004,2014-2018,1976
2211,G3500250001005,2014-2018,1967
2212,G3500250001100,2014-2018,1974
2213,G3500270960200,2014-2018,1958
2214,G3500270960300,2014-2018,1989
2215,G3500270960400,2014-2018,1985
2216,G3500270960600,2014-2018,1983
2217,G3500270960800,2014-2018,1977
2218,G3500280000100,2014-2018,1979
2219,G3500280000200,2014-2018,1958
2220,G3500280000400,2014-2018,1973
2221,G3500280000500,2014-2018,1974
2222,G3500290000100,2014-2018,1990
2223,G3500290000200,2014-2018,1985
2224,G3500290000300,2014-2018,1965
2225,G3500290000400,2014-2018,1987
2226,G3500290000500,2014-2018,1984
2227,G3500290000600,2014-2018,1957
2228,G3500310940300,2014-2018,1978
2229,G3500310940500,2014-2018,1981
2230,G3500310943500,2014-2018,1985
2231,G3500310943600,2014-2018,1987
2232,G3500310943700,2014-2018,1985
2233,G3500310943800,2014-2018,1983
2234,G3500310943901,2014-2018,1992
2235,G3500310943902,2014-2018,1987
2236,G3500310944000,2014-2018,1985
2237,G3500310945200,2014-2018,1989
2238,G3500310945300,2014-2018,1975
2239,G3500310945400,2014-2018,1957
2240,G3500310945500,2014-2018,1972
2241,G3500310945600,2014-2018,1991
2242,G3500310945700,2014-2018,1986
2243,G3500310946000,2014-2018,1988
2244,G3500310973100,2014-2018,1984
2245,G3500330955200,2014-2018,1974
2246,G3500350000100,2014-2018,1955
2247,G3500350000200,2014-2018,1958
2248,G3500350000303,2014-2018,1971
2249,G3500350000304,2014-2018,1993
2250,G3500350000305,2014-2018,1960
2251,G3500350000306,2014-2018,1973
2252,G3500350000401,2014-2018,1974
2253,G3500350000402,2014-2018,1992
2254,G3500350000500,2014-2018,1983
2255,G3500350000601,2014-2018,1998
2256,G3500350000602,2014-2018,1981
2257,G3500350000603,2014-2018,1983
2258,G3500350000700,2014-2018,1981
2259,G3500350000901,2014-2018,1979
2260,G3500350000902,2014-2018,1985
2261,G3500350940000,2014-2018,1984
2262,G3500370958601,2014-2018,1964
2263,G3500370958602,2014-2018,1957
2264,G3500370958900,2014-2018,1977
2265,G3500390000100,2014-2018,1977
2266,G3500390000200,2014-2018,1977
2267,G3500390000300,2014-2018,1985
2268,G3500390000400,2014-2018,1979
2269,G3500390000500,2014-2018,1982
2270,G3500390940700,2014-2018,1977
2271,G3500390940800,2014-2018,1982
2272,G3500390941000,2014-2018,1982
2273,G3500390944100,2014-2018,1980
2274,G3500410000100,2014-2018,1978
2275,G3500410000200,2014-2018,1965
2276,G3500410000300,2014-2018,1976
2277,G3500410000401,2014-2018,1978
2278,G3500410000402,2014-2018,1983
2279,G3500430010503,2014-2018,1982
2280,G3500430010601,2014-2018,1981
2281,G3500430010602,2014-2018,1993
2282,G3500430010702,2014-2018,1995
2283,G3500430010703,2014-2018,1995
2284,G3500430010705,2014-2018,1987
2285,G3500430010712,2014-2018,1983
2286,G3500430010713,2014-2018,1986
2287,G3500430010714,2014-2018,1997
2288,G3500430010715,2014-2018,1986
2289,G3500430010716,2014-2018,1986
2290,G3500430010717,2014-2018,2002
2291,G3500430010718,2014-2018,2005
2292,G3500430010719,2014-2018,1983
2293,G3500430010720,2014-2018,2005
2294,G3500430010721,2014-2018,1994
2295,G3500430010722,2014-2018,2004
2296,G3500430010723,2014-2018,2002
2297,G3500430010900,2014-2018,1990
2298,G3500430011000,2014-2018,1981
2299,G3500430011100,2014-2018,1994
2300,G3500430011200,2014-2018,1984
2301,G3500430940200,2014-2018,1977
2302,G3500430940300,2014-2018,NA
2303,G3500430940500,2014-2018,1985
2304,G3500430940600,2014-2018,1976
2305,G3500430940700,2014-2018,1986
2306,G3500430940900,2014-2018,1981
2307,G3500450000100,2014-2018,1981
2308,G3500450000201,2014-2018,1995
2309,G3500450000202,2014-2018,1991
2310,G3500450000204,2014-2018,1972
2311,G3500450000205,2014-2018,1976
2312,G3500450000301,2014-2018,1978
2313,G3500450000302,2014-2018,1960
2314,G3500450000401,2014-2018,1973
2315,G3500450000402,2014-2018,1983
2316,G3500450000503,2014-2018,1994
2317,G3500450000504,2014-2018,1989
2318,G3500450000505,2014-2018,1988
2319,G3500450000607,2014-2018,1999
2320,G3500450000608,2014-2018,1993
2321,G3500450000609,2014-2018,1978
2322,G3500450000610,2014-2018,1976
2323,G3500450000611,2014-2018,1994
2324,G3500450000612,2014-2018,1982
2325,G3500450000613,2014-2018,1982
2326,G3500450000702,2014-2018,1990
2327,G3500450000705,2014-2018,1984
2328,G3500450000706,2014-2018,1987
2329,G3500450000707,2014-2018,1980
2330,G3500450000708,2014-2018,1987
2331,G3500450000900,2014-2018,1991
2332,G3500450942801,2014-2018,1986
2333,G3500450942802,2014-2018,1986
2334,G3500450942803,2014-2018,1981
2335,G3500450942900,2014-2018,1981
2336,G3500450943000,2014-2018,1984
2337,G3500450943100,2014-2018,1982
2338,G3500450943201,2014-2018,1985
2339,G3500450943300,2014-2018,1994
2340,G3500470957200,2014-2018,1984
2341,G3500470957300,2014-2018,1962
2342,G3500470957400,2014-2018,1968
2343,G3500470957500,2014-2018,1984
2344,G3500470957600,2014-2018,1990
2345,G3500470957700,2014-2018,1978
2346,G3500470957800,2014-2018,1980
2347,G3500490000101,2014-2018,1981
2348,G3500490000200,2014-2018,1980
2349,G3500490000300,2014-2018,1953
2350,G3500490000400,2014-2018,1976
2351,G3500490000500,2014-2018,1948
2352,G3500490000600,2014-2018,1948
2353,G3500490000700,2014-2018,1950
2354,G3500490000800,2014-2018,1972
2355,G3500490000900,2014-2018,1959
2356,G3500490001001,2014-2018,1971
2357,G3500490001002,2014-2018,1980
2358,G3500490001102,2014-2018,1991
2359,G3500490001103,2014-2018,1980
2360,G3500490001105,2014-2018,1980
2361,G3500490001106,2014-2018,1976
2362,G3500490001107,2014-2018,1972
2363,G3500490001202,2014-2018,1997
2364,G3500490001203,2014-2018,1994
2365,G3500490001204,2014-2018,1992
2366,G3500490001205,2014-2018,1993
2367,G3500490001301,2014-2018,1997
2368,G3500490001302,2014-2018,1992
2369,G3500490001303,2014-2018,2002
2370,G3500490001304,2014-2018,1988
2371,G3500490010102,2014-2018,1979
2372,G3500490010203,2014-2018,1981
2373,G3500490010204,2014-2018,1997
2374,G3500490010304,2014-2018,2000
2375,G3500490010308,2014-2018,1987
2376,G3500490010309,2014-2018,1988
2377,G3500490010310,2014-2018,1990
2378,G3500490010311,2014-2018,1997
2379,G3500490010312,2014-2018,1994
2380,G3500490010314,2014-2018,2002
2381,G3500490010315,2014-2018,1988
2382,G3500490010316,2014-2018,1987
2383,G3500490010400,2014-2018,1984
2384,G3500490010500,2014-2018,1986
2385,G3500490010601,2014-2018,2004
2386,G3500490010602,2014-2018,1992
2387,G3500490010603,2014-2018,1992
2388,G3500490010700,2014-2018,1993
2389,G3500490010800,2014-2018,1986
2390,G3500490010900,2014-2018,2001
2391,G3500490940300,2014-2018,1980
2392,G3500490940400,2014-2018,1981
2393,G3500490940500,2014-2018,1979
2394,G3500490940600,2014-2018,1986
2395,G3500490940900,2014-2018,1980
2396,G3500490980000,2014-2018,NA
2397,G3500510962200,2014-2018,1976
2398,G3500510962300,2014-2018,1967
2399,G3500510962401,2014-2018,1988
2400,G3500510962402,2014-2018,1986
2401,G3500530940000,2014-2018,1979
2402,G3500530978100,2014-2018,1984
2403,G3500530978200,2014-2018,1974
2404,G3500530978301,2014-2018,1977
2405,G3500530978302,2014-2018,1974
2406,G3500530978303,2014-2018,1982
2407,G3500550940000,2014-2018,1975
2408,G3500550940100,2014-2018,1979
2409,G3500550952100,2014-2018,1982
2410,G3500550952300,2014-2018,1992
2411,G3500550952600,2014-2018,1987
2412,G3500550952700,2014-2018,1979
2413,G3500570963201,2014-2018,1992
2414,G3500570963202,2014-2018,1987
2415,G3500570963600,2014-2018,1986
2416,G3500570963700,2014-2018,1973
2417,G3500590950200,2014-2018,1962
2418,G3500610940300,2014-2018,1985
2419,G3500610970101,2014-2018,1988
2420,G3500610970102,2014-2018,1983
2421,G3500610970200,2014-2018,1980
2422,G3500610970301,2014-2018,1994
2423,G3500610970302,2014-2018,1997
2424,G3500610970303,2014-2018,1987
2425,G3500610970401,2014-2018,1986
2426,G3500610970404,2014-2018,1991
2427,G3500610970405,2014-2018,2005
2428,G3500610970700,2014-2018,1982
2429,G3500610970800,2014-2018,1976
2430,G3500610970901,2014-2018,1980
2431,G3500610970902,2014-2018,1983
2432,G3500610971000,2014-2018,1980
2433,G3500610971100,2014-2018,1988
2434,G3500610971300,2014-2018,1994
2435,G3500610971400,2014-2018,1997
